1726918466.54830027,2332,560084.54830027,22.30458178,114.18100329,7.42665796,-121.83330654,-1.59162200,0.63714967,-0.02707376,0.04021909,0.00369318
1726918466.94858932,2332,560084.94858932,22.30458182,114.18100346,7.42163633,-121.86870786,-1.57412010,0.70764895,-0.00908201,0.04467793,-0.00132846
1726918467.34902716,2332,560085.34902716,22.30458189,114.18100355,7.42590104,-121.88801683,-1.52592008,0.69379991,-0.00011953,0.05212282,0.00293626
1726918467.74929285,2332,560085.74929285,22.30458180,114.18100344,7.42411078,-121.86239534,-1.52662927,0.70041566,-0.01138634,0.04212779,0.00114599
1726918468.14962053,2332,560086.14962053,22.30458174,114.18100329,7.42321847,-121.83659937,-1.51237281,0.70452054,-0.02699230,0.03558991,0.00025369
1726918468.54998255,2332,560086.54998255,22.30458174,114.18100337,7.42202333,-121.79483634,-1.54905334,0.72468564,-0.01886448,0.03543085,-0.00094146
1726918468.95035028,2332,560086.95035028,22.30458182,114.18100351,7.42303407,-121.86534099,-1.54612689,0.72310295,-0.00403865,0.04457426,0.00006928
1726918469.35069370,2332,560087.35069370,22.30458171,114.18100343,7.42230877,-121.85703726,-1.53693001,0.71282593,-0.01302871,0.03246464,-0.00065602
1726918469.75112391,2332,560087.75112391,22.30458178,114.18100345,7.42276828,-121.86216763,-1.52614090,0.69691858,-0.01093171,0.04060576,-0.00019651
1726918470.15145135,2332,560088.15145135,22.30458174,114.18100333,7.41898437,-121.84154807,-1.47368768,0.72850600,-0.02274383,0.03617169,-0.00398041
1726918470.55176687,2332,560088.55176687,22.30458178,114.18100339,7.42292711,-121.85555781,-1.51561909,0.72540302,-0.01676539,0.03960286,-0.00003768
1726918470.95208836,2332,560088.95208836,22.30458173,114.18100342,7.41778735,-121.87396139,-1.57141905,0.68693673,-0.01367438,0.03476421,-0.00517744
1726918471.35257459,2332,560089.35257459,22.30458174,114.18100340,7.42279665,-121.86766267,-1.53050469,0.70129750,-0.01576687,0.03600977,-0.00016813
1726918471.75281930,2332,560089.75281930,22.30458174,114.18100346,7.42371514,-121.88515178,-1.47640280,0.66459463,-0.00948530,0.03557301,0.00075036
1726918472.15314627,2332,560090.15314627,22.30458173,114.18100346,7.42091061,-121.74195376,-1.37220020,0.40113655,-0.00959684,0.03414307,-0.00205417
1726918472.55351830,2332,560090.55351830,22.30458165,114.18100350,7.42414040,-121.74856019,-1.65662925,-0.00356646,-0.00516916,0.02548983,0.00117562
1726918472.95385289,2332,560090.95385289,22.30458173,114.18100346,7.42809429,-121.76732491,-1.67415104,-0.03856052,-0.00952776,0.03500271,0.00512951
1726918473.35421705,2332,560091.35421705,22.30458179,114.18100349,7.42474899,-121.78445576,-1.70070979,-0.09532280,-0.00644407,0.04083947,0.00178420
1726918473.75457168,2332,560091.75457168,22.30458076,114.18100517,7.44700560,-121.77533769,-1.69650636,-0.04735647,0.16697330,-0.07249956,0.02404081
1726918474.15490746,2332,560092.15490746,22.30458060,114.18100564,7.44789417,-121.80081953,-1.77811715,-0.11940848,0.21504707,-0.09022751,0.02492938
1726918474.55544472,2332,560092.55544472,22.30458069,114.18100568,7.44591107,-121.77089798,-1.74302339,-0.19975986,0.21887476,-0.08049065,0.02294628
1726918474.95564079,2332,560092.95564079,22.30458069,114.18100573,7.44677440,-121.72957126,-1.68203656,-0.19233632,0.22389238,-0.08024425,0.02380961
1726918475.35596991,2332,560093.35596991,22.30458066,114.18100571,7.44053015,-121.81905898,-1.47688716,-0.01972700,0.22223188,-0.08360496,0.01756536
1726918475.75632238,2332,560093.75632238,22.30458062,114.18100577,7.44206320,-121.72528333,-1.45180010,0.01336033,0.22889202,-0.08888835,0.01909841
1726918476.15670776,2332,560094.15670776,22.30458053,114.18100573,7.45123093,-121.59738546,-1.52617589,0.37317147,0.22399471,-0.09794311,0.02826615
1726918476.55704904,2332,560094.55704904,22.30458006,114.18100640,7.47230520,-121.50302026,-1.49081837,0.07974965,0.29351327,-0.15035673,0.04934040
1726918476.95739770,2332,560094.95739770,22.30457933,114.18100769,7.45750161,-121.44920905,-1.38585570,0.34161175,0.42615391,-0.23111806,0.03453681
1726918477.35775065,2332,560095.35775065,22.30457881,114.18100842,7.45860322,-121.45319799,-1.52137204,0.31959874,0.50188972,-0.28844679,0.03563841
1726918477.75811648,2332,560095.75811648,22.30457799,114.18100973,7.44804355,-121.33711077,-1.43150482,0.54996153,0.63636030,-0.37979694,0.02507873
1726918478.15843868,2332,560096.15843868,22.30457723,114.18101102,7.43900779,-121.28137701,-1.42648511,0.51656010,0.76972413,-0.46380388,0.01604294
1726918478.55880451,2332,560096.55880451,22.30457651,114.18101212,7.44461632,-121.28135266,-1.72855072,0.52344841,0.88247726,-0.54367775,0.02165145
1726918478.95916843,2332,560096.95916843,22.30457595,114.18101317,7.45028244,-121.16172975,-1.64198585,0.77611774,0.99107235,-0.60536030,0.02731755
1726918479.35948944,2332,560097.35948944,22.30457534,114.18101427,7.45024478,-121.09743154,-1.54800885,0.81258131,1.10395151,-0.67313618,0.02727986
1726918479.75985861,2332,560097.75985861,22.30457463,114.18101539,7.44976639,-121.12577797,-1.67346785,0.97418441,1.22011620,-0.75122521,0.02680144
1726918480.16020250,2332,560098.16020250,22.30457389,114.18101655,7.44226352,-121.07727970,-1.80510430,0.58733963,1.33959316,-0.83377515,0.01929854
1726918480.56055403,2332,560098.56055403,22.30457317,114.18101774,7.44316970,-120.88206269,-1.64241473,0.57753123,1.46218653,-0.91307302,0.02020468
1726918480.96092916,2332,560098.96092916,22.30457239,114.18101915,7.44729099,-120.79136887,-1.72465887,0.69423780,1.60707734,-0.99971174,0.02432592
1726918481.36128473,2332,560099.36128473,22.30457175,114.18102052,7.45707287,-120.64357944,-1.38805765,0.69123317,1.74873412,-1.07085879,0.03410775
1726918481.76163530,2332,560099.76163530,22.30457087,114.18102202,7.46504122,-120.55091083,-1.48778442,0.38511369,1.90246393,-1.16790215,0.04207605
1726918482.16198683,2332,560100.16198683,22.30456990,114.18102376,7.47503912,-120.43620322,-1.38001604,0.07582014,2.08263917,-1.27556485,0.05207386
1726918482.56232309,2332,560100.56232309,22.30456875,114.18102556,7.46577916,-120.44637052,-1.53031307,0.41561218,2.26816617,-1.40317509,0.04281382
1726918482.96268129,2332,560100.96268129,22.30456755,114.18102759,7.47804300,-120.42713776,-1.50711304,0.57296410,2.47697876,-1.53573805,0.05507755
1726918483.26296234,2332,560101.26296234,22.30456665,114.18102943,7.46883520,-120.34591747,-1.64551824,0.64513489,2.66634996,-1.63504071,0.04586965
1726918483.66330099,2332,560101.66330099,22.30456540,114.18103142,7.46553991,-120.13106477,-1.35796857,0.66785906,2.87113736,-1.77328672,0.04257423
1726918484.06367207,2332,560102.06367207,22.30456471,114.18103269,7.46928494,-120.09448839,-1.42930487,0.70994981,3.00216802,-1.85052065,0.04631918
1726918484.46402240,2332,560102.46402240,22.30456358,114.18103470,7.46037757,-120.02295930,-1.63186934,0.61900342,3.20984709,-1.97503302,0.03741167
1726918484.86438084,2332,560102.86438084,22.30456252,114.18103655,7.46167904,-119.93078187,-1.48433778,0.44179732,3.40053227,-2.09264450,0.03871301
1726918485.26470232,2332,560103.26470232,22.30456137,114.18103847,7.47498059,-119.90343171,-1.59404104,0.74485224,3.59821943,-2.21966318,0.05201440
1726918485.66507244,2332,560103.66507244,22.30456029,114.18104030,7.47073336,-119.87602535,-1.70653275,0.99811482,3.78631297,-2.33925008,0.04776702
1726918486.06542802,2332,560104.06542802,22.30455928,114.18104217,7.47235238,-119.77591049,-1.68553847,1.02272019,3.97886316,-2.45123320,0.04938588
1726918486.46578074,2332,560104.46578074,22.30455832,114.18104401,7.47481655,-119.61261144,-1.63693539,0.93878145,4.16849296,-2.55799036,0.05184989
1726918486.86613035,2332,560104.86613035,22.30455737,114.18104577,7.47135429,-119.57470926,-1.74931812,0.58170174,4.35034608,-2.66335624,0.04838747
1726918487.26646185,2332,560105.26646185,22.30455647,114.18104751,7.45998928,-119.61052297,-2.10095788,0.69557552,4.52956432,-2.76305615,0.03702229
1726918487.66682482,2332,560105.66682482,22.30455550,114.18104922,7.46250706,-119.67218632,-2.22338203,0.89728428,4.70603485,-2.87006638,0.03953989
1726918488.06716490,2332,560106.06716490,22.30455452,114.18105112,7.48658015,-120.84170998,-1.96472680,1.18565940,4.90180357,-2.97825339,0.06361278
1726918488.46753240,2332,560106.46753240,22.30455347,114.18105321,7.50658345,-126.29253329,-2.27463550,1.06834941,5.11673644,-3.09438846,0.08361586
1726918488.86787057,2332,560106.86787057,22.30455232,114.18105519,7.49178113,-132.39701189,-2.08741623,0.79468816,5.32104005,-3.22216179,0.06881331
1726918489.26824331,2332,560107.26824331,22.30455129,114.18105709,7.49779952,-136.87342662,-1.94558287,0.60167108,5.51618908,-3.33653085,0.07483147
1726918489.66860032,2332,560107.66860032,22.30455030,114.18105878,7.50531252,-139.77242083,-2.00058145,0.67331675,5.69065591,-3.44625747,0.08234426
1726918490.06892920,2332,560108.06892920,22.30454931,114.18106027,7.49075207,-141.38291095,-2.25036468,0.13383848,5.84414581,-3.55547200,0.06778361
1726918490.36921644,2332,560108.36921644,22.30454845,114.18106146,7.50263484,-142.82882343,-2.05259579,0.36003951,5.96694469,-3.65084795,0.07966622
1726918490.76957035,2332,560108.76957035,22.30454723,114.18106261,7.51144644,-145.73745179,-2.42397910,0.09365993,6.08489353,-3.78615331,0.08847763
1726918491.16990256,2332,560109.16990256,22.30454581,114.18106396,7.49678871,-147.15835245,-2.44694567,0.40029476,6.22437852,-3.94312182,0.07381966
1726918491.57024479,2332,560109.57024479,22.30454430,114.18106535,7.50360881,-149.04422042,-2.33521649,0.98601767,6.36722410,-4.11077041,0.08063951
1726918491.97060013,2332,560109.97060013,22.30454298,114.18106642,7.50391235,-150.10922990,-2.45951914,1.07012535,6.47809928,-4.25633671,0.08094285
1726918492.37095571,2332,560110.37095571,22.30454151,114.18106763,7.51152793,-150.75192581,-2.00592082,0.73119759,6.60229769,-4.41884664,0.08855819
1726918492.77131820,2332,560110.77131820,22.30454024,114.18106849,7.49136132,-151.21130556,-2.07634353,0.20218968,6.69101782,-4.55991255,0.06839139
1726918493.17168379,2332,560111.17168379,22.30453887,114.18106937,7.50135942,-151.49655714,-1.64295192,0.36270518,6.78164087,-4.71208146,0.07838928
1726918493.57201266,2332,560111.57201266,22.30453746,114.18107036,7.50540243,-151.69584499,-1.95010408,0.15619119,6.88341052,-4.86742634,0.08243207
1726918493.97239590,2332,560111.97239590,22.30453555,114.18107124,7.51460389,-152.00208924,-1.74998930,0.08587828,6.97414370,-5.07865658,0.09163327
1726918494.27264404,2332,560112.27264404,22.30453399,114.18107218,7.49617260,-152.02743470,-2.11718768,0.01261616,7.07110068,-5.25240109,0.07320172
1726918494.67300797,2332,560112.67300797,22.30453194,114.18107332,7.50091560,-150.91539898,-1.78395826,0.45115582,7.18890922,-5.47934452,0.07794440
1726918495.07333732,2332,560113.07333732,22.30452982,114.18107440,7.48101426,-148.34977109,-2.06562481,0.45309074,7.30027112,-5.71323155,0.05804273
1726918495.37360859,2332,560113.37360859,22.30452777,114.18107532,7.49626129,-141.62603702,-2.13018141,0.53516730,7.39511909,-5.94041738,0.07328944
1726918495.77395248,2332,560113.77395248,22.30452570,114.18107656,7.50107478,-138.36907230,-2.04490166,0.26388882,7.52254615,-6.16978648,0.07810256
1726918496.17431736,2332,560114.17431736,22.30452369,114.18107779,7.51960437,-136.94672979,-2.21041708,0.10722141,7.64973267,-6.39289481,0.09663178
1726918496.47458601,2332,560114.47458601,22.30452210,114.18107864,7.50908081,-136.06534232,-2.13168379,0.15250003,7.73735387,-6.56844772,0.08610794
1726918496.87492299,2332,560114.87492299,22.30452084,114.18108017,7.52500352,-134.93862005,-2.11497611,0.07882179,7.89518470,-6.70778455,0.10203031
1726918497.27527809,2332,560115.27527809,22.30451910,114.18108155,7.50878206,-133.74219698,-2.19776045,-0.01510189,8.03720838,-6.90029445,0.08580846
1726918497.67565966,2332,560115.67565966,22.30451743,114.18108288,7.50731931,-132.81215798,-1.34126018,-0.27622275,8.17407436,-7.08559737,0.08434533
1726918498.07599068,2332,560116.07599068,22.30451582,114.18108437,7.52398002,-132.00904299,-1.65294700,-0.11961965,8.32785343,-7.26346288,0.10100564
1726918498.47635889,2332,560116.47635889,22.30451439,114.18108584,7.51496494,-131.48880419,-1.49979749,0.69732757,8.47883385,-7.42270252,0.09199018
1726918498.87670946,2332,560116.87670946,22.30451323,114.18108716,7.49660154,-131.25373574,-1.58178449,0.42109445,8.61460655,-7.55026668,0.07362645
1726918499.27703857,2332,560117.27703857,22.30451176,114.18108855,7.48120987,-130.95806008,-1.77446917,0.34180826,8.75812377,-7.71400918,0.05823438
1726918499.67741489,2332,560117.67741489,22.30451035,114.18109030,7.49226078,-130.74063993,-1.48430098,0.21045943,8.93861307,-7.86990722,0.06928485
1726918500.07781124,2332,560118.07781124,22.30450873,114.18109198,7.50551950,-130.54820128,-1.63146159,0.00769580,9.11115494,-8.04905660,0.08254310
1726918500.47811842,2332,560118.47811842,22.30450726,114.18109377,7.49073281,-130.37974353,-1.57995180,0.38072761,9.29647601,-8.21170768,0.06775594
1726918500.87847829,2332,560118.87847829,22.30450569,114.18109553,7.50045546,-130.38997656,-1.33449598,-0.07503038,9.47751047,-8.38586196,0.07747809
1726918501.27880287,2332,560119.27880287,22.30450421,114.18109723,7.50869608,-131.46306007,-1.66689553,0.23585663,9.65299273,-8.54906547,0.08571824
1726918501.67917752,2332,560119.67917752,22.30450283,114.18109882,7.49464527,-135.43106091,-1.61534766,0.32540495,9.81655927,-8.70224132,0.07166697
1726918502.07950306,2332,560120.07950306,22.30450148,114.18110033,7.49966681,-142.07651814,-1.62787819,0.42028417,9.97208901,-8.85233273,0.07668806
1726918502.47985935,2332,560120.47985935,22.30450030,114.18110200,7.50150771,-149.54243365,-1.55432039,0.17119788,10.14456291,-8.98242644,0.07852850
1726918502.88021064,2332,560120.88021064,22.30449916,114.18110384,7.52191653,-157.65101091,-1.84398016,0.49648584,10.33335056,-9.10859529,0.09893684
1726918503.28056574,2332,560121.28056574,22.30449776,114.18110538,7.50555179,-165.86909306,-1.71481806,0.36945062,10.49188900,-9.26386037,0.08257162
1726918503.58085465,2332,560121.58085465,22.30449674,114.18110626,7.52810737,-174.31974167,-1.87649147,0.47382786,10.58253189,-9.37676978,0.10512688
1726918503.88112545,2332,560121.88112545,22.30449549,114.18110704,7.50791182,177.28318860,-2.57016295,0.30801286,10.66334079,-9.51473552,0.08493100
1726918504.18138123,2332,560122.18138123,22.30449406,114.18110767,7.51494675,169.37216255,-2.35735419,-0.07564286,10.72825024,-9.67398612,0.09196557
1726918504.48162127,2332,560122.48162127,22.30449257,114.18110822,7.52189453,161.37180674,-2.77560473,0.56977052,10.78476076,-9.83832640,0.09891301
1726918504.78191090,2332,560122.78191090,22.30449109,114.18110844,7.52892369,154.74948254,-2.38163900,0.31868404,10.80756724,-10.00223583,0.10594187
1726918505.08217454,2332,560123.08217454,22.30448956,114.18110842,7.51741191,152.64460947,-2.11818608,0.28877054,10.80561368,-10.17201702,0.09442982
1726918505.38244319,2332,560123.38244319,22.30448807,114.18110827,7.51268381,151.61392299,-1.67919374,0.34495796,10.79044200,-10.33709669,0.08970148
1726918505.68267965,2332,560123.68267965,22.30448686,114.18110785,7.50795245,150.90071571,-1.86525701,0.33378168,10.74731450,-10.47100263,0.08496997
1726918505.98294544,2332,560123.98294544,22.30448552,114.18110710,7.49855376,150.66429412,-1.35167424,0.05057094,10.66930434,-10.61932052,0.07557117
1726918506.38330555,2332,560124.38330555,22.30448389,114.18110621,7.51458943,150.75258083,-1.34490888,0.62523301,10.57796288,-10.79967853,0.09160669
1726918506.78367376,2332,560124.78367376,22.30448223,114.18110529,7.52005791,150.97628696,-1.80777337,0.96150177,10.48258387,-10.98345792,0.09707501
1726918507.18401575,2332,560125.18401575,22.30448057,114.18110422,7.50960986,154.35428017,-1.67475631,0.94658398,10.37265137,-11.16748685,0.08662682
1726918507.58437729,2332,560125.58437729,22.30447896,114.18110320,7.50794652,158.57239913,-1.67591219,0.90281900,10.26763381,-11.34512775,0.08496334
1726918507.98470640,2332,560125.98470640,22.30447751,114.18110226,7.50311342,160.10291300,-1.41827391,0.97510245,10.17055956,-11.50577834,0.08013009
1726918508.38506556,2332,560126.38506556,22.30447597,114.18110135,7.51324679,161.37606166,-1.49478407,0.97396517,10.07724653,-11.67718262,0.09026330
1726918508.78542542,2332,560126.78542542,22.30447414,114.18110032,7.50869798,162.27866190,-1.27292358,0.62709337,9.97148911,-11.87957514,0.08571428
1726918509.18578863,2332,560127.18578863,22.30447257,114.18109969,7.51998133,162.62764850,-1.24628170,-0.12805759,9.90570866,-12.05316568,0.09699741
1726918509.58613110,2332,560127.58613110,22.30447106,114.18109887,7.52088227,164.93030112,-1.27120910,0.23503582,9.82151941,-12.22095814,0.09789815
1726918509.98649216,2332,560127.98649216,22.30446916,114.18109805,7.51623608,169.40049589,-1.51678137,0.87603841,9.73746192,-12.43087072,0.09325169
1726918510.28674912,2332,560128.28674912,22.30446744,114.18109740,7.52918266,173.37712837,-1.33473186,-0.04188383,9.67030486,-12.62173554,0.10619799
1726918510.58699727,2332,560128.58699727,22.30446555,114.18109663,7.52414010,176.36736912,-1.22943406,-0.38240576,9.59098697,-12.83038046,0.10115514
1726918510.98736072,2332,560128.98736072,22.30446315,114.18109579,7.52684563,177.53036816,-1.32260192,-0.55397684,9.50426660,-13.09580582,0.10386025
1726918511.38771749,2332,560129.38771749,22.30446087,114.18109541,7.53304625,178.13091924,-1.28936876,0.14197895,9.46462710,-13.34936903,0.11006040
1726918511.68797708,2332,560129.68797708,22.30445891,114.18109492,7.51619975,-179.09815564,-1.29483143,0.02826905,9.41498429,-13.56533219,0.09321352
1726918512.08839321,2332,560130.08839321,22.30445663,114.18109454,7.51249174,-176.49450759,-1.26630639,-0.13233129,9.37515896,-13.81888858,0.08950502
1726918512.48869491,2332,560130.48869491,22.30445456,114.18109455,7.51328191,-175.25140911,-1.20812528,0.23686481,9.37631751,-14.04721517,0.09029469
1726918512.88903332,2332,560130.88903332,22.30445255,114.18109435,7.52446362,-173.69726967,-0.99496618,0.43247595,9.35568298,-14.27020460,0.10147592
1726918513.28940010,2332,560131.28940010,22.30445055,114.18109432,7.51151416,-173.68147839,-1.32573790,0.39215728,9.35274593,-14.49164443,0.08852598
1726918513.68975353,2332,560131.68975353,22.30444873,114.18109440,7.52941972,-173.09467503,-1.03506392,0.35448051,9.36108124,-14.69320177,0.10643106
1726918514.09007931,2332,560132.09007931,22.30444699,114.18109449,7.53265218,-172.66366768,-1.22206617,0.26734781,9.37007931,-14.88600346,0.10966305
1726918514.49046111,2332,560132.49046111,22.30444477,114.18109464,7.52196844,-172.32687518,-0.76738800,0.15543540,9.38600259,-15.13218558,0.09897871
1726918514.79072142,2332,560132.79072142,22.30444289,114.18109483,7.53194187,-172.05231714,-1.39781991,-0.18492003,9.40490510,-15.33983470,0.10895161
1726918515.19105101,2332,560133.19105101,22.30444053,114.18109504,7.53298668,-172.00188836,-1.25450764,0.36685927,9.42672868,-15.60161749,0.10999575
1726918515.49131513,2332,560133.49131513,22.30443860,114.18109533,7.52518639,-171.83092808,-1.47636289,0.30022548,9.45717983,-15.81472302,0.10219489
1726918515.79160595,2332,560133.79160595,22.30443665,114.18109557,7.51619089,-171.55922854,-1.11358241,0.68120127,9.48185498,-16.03087725,0.09319881
1726918516.09184313,2332,560134.09184313,22.30443443,114.18109586,7.52462540,-171.30170385,-0.97232426,0.76138247,9.51137512,-16.27687179,0.10163265
1726918516.39212608,2332,560134.39212608,22.30443256,114.18109611,7.53909684,-171.27354154,-0.92742874,0.94124535,9.53737167,-16.48348498,0.11610352
1726918516.79245639,2332,560134.79245639,22.30443031,114.18109644,7.54127608,-171.08646933,-0.63740542,0.94863764,9.57143203,-16.73236273,0.11828205
1726918517.09272242,2332,560135.09272242,22.30442831,114.18109668,7.51806578,-171.06466468,-0.95365037,0.63350560,9.59594972,-16.95482840,0.09507113
1726918517.39299583,2332,560135.39299583,22.30442591,114.18109704,7.51950335,-171.02874275,-0.84546744,0.74365134,9.63337181,-17.21985095,0.09650792
1726918517.69325304,2332,560135.69325304,22.30442379,114.18109743,7.52155307,-171.00270631,-1.04604086,0.89043581,9.67321425,-17.45505811,0.09855695
1726918517.99351716,2332,560135.99351716,22.30442191,114.18109763,7.49831478,-170.89167136,-1.12803798,1.04963109,9.69336832,-17.66285145,0.07531804
1726918518.29377985,2332,560136.29377985,22.30441986,114.18109789,7.52437200,-170.69621525,-1.35014050,0.58146071,9.72092732,-17.89034332,0.10137458
1726918518.59404564,2332,560136.59404564,22.30441763,114.18109832,7.52848501,-170.54437935,-1.37919319,0.68632698,9.76456713,-18.13730245,0.10548683
1726918518.89433384,2332,560136.89433384,22.30441548,114.18109870,7.55202031,-170.28868080,-1.15319655,0.34378068,9.80397552,-18.37531349,0.12902139
1726918519.19457579,2332,560137.19457579,22.30441346,114.18109906,7.54802235,-170.29015230,-1.23131617,0.55025963,9.84130723,-18.59871684,0.12502271
1726918519.49484873,2332,560137.49484873,22.30441112,114.18109946,7.54907258,-170.24027745,-1.15535379,0.66084297,9.88212820,-18.85791325,0.12607212
1726918519.79511642,2332,560137.79511642,22.30440887,114.18109967,7.55349058,-170.27473696,-1.09051004,0.56178407,9.90350385,-19.10708918,0.13048933
1726918520.09536743,2332,560138.09536743,22.30440646,114.18110018,7.54589688,-168.73589526,-0.78782645,0.06120612,9.95666712,-19.37421178,0.12289475
1726918520.39563751,2332,560138.39563751,22.30440398,114.18110048,7.55600099,-165.37107819,-0.46478340,0.14729027,9.98714091,-19.64802516,0.13299797
1726918520.69590712,2332,560138.69590712,22.30440183,114.18110071,7.54816682,-162.13904535,0.01794798,0.24405535,10.01138348,-19.88707315,0.12516301
1726918520.99617767,2332,560138.99617767,22.30439973,114.18110098,7.55132839,-159.13565853,-0.26370781,-0.29686907,10.03881745,-20.11935200,0.12832380
1726918521.29643726,2332,560139.29643726,22.30439785,114.18110126,7.55535258,-156.22605483,0.22379408,-0.23122325,10.06832182,-20.32778872,0.13234728
1726918521.59671259,2332,560139.59671259,22.30439574,114.18110168,7.54763452,-153.27542321,-0.32189078,-0.71703599,10.11143188,-20.56087592,0.12462841
1726918521.89695263,2332,560139.89695263,22.30439371,114.18110229,7.55514710,-151.05139881,-0.14075600,-0.07142528,10.17406253,-20.78590802,0.13214016
1726918522.19724178,2332,560140.19724178,22.30439166,114.18110297,7.55824245,-147.55278428,-0.18418957,0.07172606,10.24414822,-21.01238037,0.13523465
1726918522.49749327,2332,560140.49749327,22.30438978,114.18110371,7.54760924,-142.84354221,-0.10687560,0.35603561,10.32037988,-21.22139729,0.12460062
1726918522.79777408,2332,560140.79777408,22.30438784,114.18110464,7.54852287,-137.64096986,-0.20803105,0.28894397,10.41625457,-21.43573401,0.12551337
1726918523.09801006,2332,560141.09801006,22.30438609,114.18110564,7.54395125,-134.10567627,-0.27979203,0.09733274,10.51899385,-21.62922115,0.12094093
1726918523.39827609,2332,560141.39827609,22.30438433,114.18110664,7.54972690,-130.47670933,-0.03941468,0.46669878,10.62264616,-21.82393975,0.12671574
1726918523.69855309,2332,560141.69855309,22.30438264,114.18110789,7.53492593,-127.23161889,-0.43100153,0.68566871,10.75093089,-22.01172237,0.11191391
1726918524.09889245,2332,560142.09889245,22.30438073,114.18110970,7.54286397,-125.40930423,-0.32142920,0.88177421,10.93724563,-22.22326469,0.11985090
1726918524.39916968,2332,560142.39916968,22.30437936,114.18111109,7.55345211,-124.28295551,-0.54000600,0.84887019,11.08117419,-22.37526504,0.13043825
1726918524.69943023,2332,560142.69943023,22.30437786,114.18111251,7.53941245,-123.02737511,-0.57248169,0.21627128,11.22697475,-22.54055223,0.11639775
1726918524.99971318,2332,560142.99971318,22.30437670,114.18111409,7.54910099,-122.64316265,-0.24781567,0.60772729,11.38987690,-22.66890752,0.12608554
1726918525.29995871,2332,560143.29995871,22.30437560,114.18111570,7.53429782,-122.01300233,-0.31955654,0.65316541,11.55540016,-22.79168270,0.11128164
1726918525.60022569,2332,560143.60022569,22.30437441,114.18111744,7.54684339,-121.75495588,-0.17551272,1.00184242,11.73546009,-22.92347183,0.12382640
1726918525.90047526,2332,560143.90047526,22.30437326,114.18111944,7.56861383,-121.49037910,-0.04099316,1.14058535,11.94130780,-23.05046561,0.14559600
1726918526.20075727,2332,560144.20075727,22.30437218,114.18112129,7.56433234,-121.29795137,-0.54819108,0.34910584,12.13223778,-23.16997111,0.14131371
1726918526.50103283,2332,560144.50103283,22.30437102,114.18112314,7.56454299,-120.97493683,-0.15683999,0.26409987,12.32253310,-23.29826675,0.14152354
1726918526.80128288,2332,560144.80128288,22.30436982,114.18112513,7.54860913,-120.91258114,-0.48327742,0.25035636,12.52738630,-23.43131489,0.12558878
1726918527.10156488,2332,560145.10156488,22.30436860,114.18112681,7.53589102,-120.71376751,-0.33058645,0.38611074,12.70032582,-23.56636793,0.11286983
1726918527.40190363,2332,560145.40190363,22.30436751,114.18112875,7.56025884,-120.46556005,-0.44507745,0.82032121,12.90041930,-23.68667485,0.13723681
1726918527.70206141,2332,560145.70206141,22.30436635,114.18113077,7.56081561,-120.17382849,-0.28844019,1.03108831,13.10849291,-23.81544710,0.13779267
1726918528.00235128,2332,560146.00235128,22.30436556,114.18113247,7.55471699,-120.01990755,-0.44556897,-0.09864075,13.28366917,-23.90331039,0.13169335
1726918528.40270948,2332,560146.40270948,22.30436430,114.18113452,7.55738679,-119.94314778,-0.11814418,-0.85163956,13.49480447,-24.04283596,0.13436218
1726918528.80304551,2332,560146.80304551,22.30436311,114.18113646,7.54675015,-119.82095484,-0.42336488,-0.76917104,13.69440250,-24.17453116,0.12372461
1726918529.10330892,2332,560147.10330892,22.30436196,114.18113824,7.53833819,-119.78835387,-0.38503685,-0.31235466,13.87787249,-24.30165345,0.11531178
1726918529.40358400,2332,560147.40358400,22.30436086,114.18114038,7.56821825,-117.01953973,-0.20076059,-0.05837341,14.09853216,-24.42381829,0.14519088
1726918529.80392551,2332,560147.80392551,22.30435946,114.18114261,7.55989356,-110.31594569,-0.02517807,0.14182114,14.32859722,-24.57834942,0.13686508
1726918530.20427561,2332,560148.20427561,22.30435856,114.18114443,7.55788450,-104.80583541,0.03889315,0.89666524,14.51580898,-24.67847855,0.13485521
1726918530.60461640,2332,560148.60461640,22.30435776,114.18114612,7.56193960,-101.33022348,0.23243236,0.59254519,14.69006488,-24.76630349,0.13890957
1726918531.00497007,2332,560149.00497007,22.30435676,114.18114793,7.56757645,-98.08865420,0.28640992,0.43589220,14.87712649,-24.87791477,0.14454555
1726918531.40532207,2332,560149.40532207,22.30435577,114.18114955,7.54783413,-96.76840320,0.37889961,0.50542402,15.04388195,-24.98670089,0.12480241
1726918531.80566931,2332,560149.80566931,22.30435505,114.18115146,7.55346081,-96.29478291,-0.70610225,0.28319455,15.24042935,-25.06647540,0.13042831
1726918532.20603085,2332,560150.20603085,22.30435453,114.18115359,7.55783498,-93.09367428,-0.68438072,0.68610890,15.45956748,-25.12471589,0.13480172
1726918532.60640669,2332,560150.60640669,22.30435412,114.18115573,7.57345888,-85.90318051,-1.46791927,0.86298265,15.68024112,-25.16962575,0.15042491
1726918533.00673199,2332,560151.00673199,22.30435388,114.18115802,7.56205280,-77.86315800,-1.84780107,1.10784285,15.91611399,-25.19678853,0.13901813
1726918533.40711331,2332,560151.40711331,22.30435386,114.18116021,7.57326924,-74.00624187,-1.63572505,0.98555595,16.14217133,-25.19868239,0.15023399
1726918533.80751610,2332,560151.80751610,22.30435397,114.18116177,7.58097628,-72.40186479,-1.88543594,0.93813693,16.30259377,-25.18590381,0.15794068
1726918534.10772824,2332,560152.10772824,22.30435384,114.18116317,7.56166224,-71.29158312,-1.73747091,0.69826810,16.44659393,-25.20044398,0.13862622
1726918534.40798950,2332,560152.40798950,22.30435344,114.18116467,7.55645949,-70.62301566,-1.45968002,0.52338380,16.60126805,-25.24555217,0.13342288
1726918534.80833983,2332,560152.80833983,22.30435405,114.18116685,7.56952746,-70.78935064,-1.60839821,0.26650049,16.82607242,-25.17764004,0.14649053
1726918535.20867395,2332,560153.20867395,22.30435479,114.18116908,7.55932012,-71.32466273,-1.54549243,-0.11121214,17.05642999,-25.09582275,0.13628291
1726918535.50895214,2332,560153.50895214,22.30435546,114.18117123,7.57354554,-71.37483720,-1.28402347,0.11431625,17.27742710,-25.02142652,0.15050803
1726918535.80922222,2332,560153.80922222,22.30435605,114.18117323,7.56399373,-71.35267534,-1.90803718,-0.61992729,17.48376684,-24.95639061,0.14095591
1726918536.20957565,2332,560154.20957565,22.30435679,114.18117564,7.54525360,-66.18490682,-1.28140572,-0.47988630,17.73197918,-24.87432524,0.12221542
1726918536.60992670,2332,560154.60992670,22.30435755,114.18117832,7.56813391,-63.10506515,-1.19195642,-0.39806713,18.00785222,-24.79004470,0.14509529
1726918536.91019917,2332,560154.91019917,22.30435829,114.18118048,7.54467086,-61.62116076,-1.59746922,0.03063761,18.23118416,-24.70762758,0.12163192
1726918537.31051898,2332,560155.31051898,22.30435917,114.18118282,7.55478403,-60.85530519,-1.43673906,-0.42047929,18.47212179,-24.60999037,0.13174478
1726918537.71088219,2332,560155.71088219,22.30435958,114.18118478,7.57027816,-60.77294533,-1.86945158,-0.51595011,18.67350753,-24.56473373,0.14723850
1726918538.11122561,2332,560156.11122561,22.30436037,114.18118682,7.56783680,-60.67261290,-1.31662939,-0.55189017,18.88353888,-24.47739929,0.14479686
1726918538.51160240,2332,560156.51160240,22.30436131,114.18118902,7.55358371,-62.06576302,-1.38804736,-0.53978123,19.11066008,-24.37355093,0.13054350
1726918538.81186581,2332,560156.81186581,22.30436227,114.18119097,7.57354585,-63.32904080,-1.19638736,-0.13863132,19.31136229,-24.26721931,0.15050544
1726918539.11213017,2332,560157.11213017,22.30436323,114.18119274,7.55887977,-64.49898225,-1.52537981,-0.31796270,19.49413796,-24.16124364,0.13583920
1726918539.51248074,2332,560157.51248074,22.30436429,114.18119478,7.56801292,-64.99392456,-1.29756961,-0.32606639,19.70368397,-24.04347665,0.14497216
1726918539.91293478,2332,560157.91293478,22.30436540,114.18119689,7.54889811,-65.72175222,-1.26204388,0.00808391,19.92135853,-23.92046244,0.12585714
1726918540.31316257,2332,560158.31316257,22.30436630,114.18119879,7.54056653,-65.99019672,-1.10021125,-0.15837376,20.11750304,-23.82092962,0.11752532
1726918540.71353841,2332,560158.71353841,22.30436720,114.18120084,7.53515465,-66.53299936,-1.78068544,-0.68813978,20.32843331,-23.72086067,0.11211314
1726918541.11388445,2332,560159.11388445,22.30436793,114.18120281,7.52823082,-66.55286698,-1.52748258,-0.13448572,20.53146159,-23.64024353,0.10518897
1726918541.51435661,2332,560159.51435661,22.30436878,114.18120480,7.54652687,-63.87352810,-2.25256221,-0.16591019,20.73711015,-23.54689299,0.12348470
1726918541.91459513,2332,560159.91459513,22.30436947,114.18120676,7.53966454,-62.48966475,-1.79851341,-0.48929554,20.93908815,-23.46966406,0.11662200
1726918542.31493568,2332,560160.31493568,22.30437041,114.18120899,7.53592317,-61.54438230,-1.99934349,0.30572287,21.16849814,-23.36557355,0.11288025
1726918542.71530938,2332,560160.71530938,22.30437136,114.18121081,7.52619701,-60.95903691,-1.90969487,-0.13306699,21.35606008,-23.26017559,0.10315385
1726918543.11562729,2332,560161.11562729,22.30437214,114.18121291,7.53227356,-60.44319067,-1.63888174,-0.41961814,21.57282684,-23.17399138,0.10922998
1726918543.51597929,2332,560161.51597929,22.30437303,114.18121506,7.53182905,-59.66448282,-1.66791029,-0.21275443,21.79412913,-23.07552774,0.10878509
1726918543.91633391,2332,560161.91633391,22.30437386,114.18121712,7.51249826,-59.57615335,-1.74882856,0.00644069,22.00605347,-22.98354878,0.08945390
1726918544.31671095,2332,560162.31671095,22.30437478,114.18121878,7.52749213,-59.24598168,-1.73820183,-0.48518814,22.17714301,-22.88190260,0.10444755
1726918544.71713996,2332,560162.71713996,22.30437564,114.18122067,7.53531844,-59.72844883,-1.64303738,-0.08631796,22.37205519,-22.78682092,0.11227352
1726918545.11740303,2332,560163.11740303,22.30437667,114.18122291,7.52968720,-61.37972807,-1.65575513,0.26462457,22.60309811,-22.67293957,0.10664187
1726918545.41766477,2332,560163.41766477,22.30437757,114.18122474,7.52430124,-65.96395498,-1.79372743,0.36434107,22.79176178,-22.57323586,0.10125560
1726918545.81801176,2332,560163.81801176,22.30437863,114.18122657,7.52328479,-71.58434707,-1.50563035,0.74399392,22.98006635,-22.45586114,0.10023889
1726918546.21837187,2332,560164.21837187,22.30437960,114.18122846,7.53106754,-75.46991260,-1.66345361,1.35909121,23.17427058,-22.34857992,0.10802131
1726918546.61871052,2332,560164.61871052,22.30438074,114.18123046,7.52222626,-77.41035748,-1.70931536,0.79395172,23.38089133,-22.22226557,0.09917973
1726918547.01907682,2332,560165.01907682,22.30438162,114.18123259,7.52397030,-80.92280449,-1.51358402,0.81579343,23.60037582,-22.12432843,0.10092329
1726918547.41942978,2332,560165.41942978,22.30438231,114.18123459,7.53872568,-85.00811740,-1.41007351,0.89950629,23.80650528,-22.04854224,0.11567818
1726918547.81979775,2332,560165.81979775,22.30438276,114.18123666,7.52158297,-90.10738774,-1.36158815,0.89271370,24.01939474,-21.99877964,0.09853484
1726918548.22014189,2332,560166.22014189,22.30438331,114.18123907,7.53049430,-94.94983026,-1.35395729,0.89668400,24.26749084,-21.93690397,0.10744544
1726918548.62049723,2332,560166.62049723,22.30438362,114.18124112,7.54481578,-97.07863458,-1.34481156,1.04318670,24.47909702,-21.90262170,0.12176624
1726918549.02082634,2332,560167.02082634,22.30438393,114.18124310,7.53851847,-100.31056301,-1.32263218,0.84187757,24.68310068,-21.86919793,0.11546826
1726918549.42117763,2332,560167.42117763,22.30438400,114.18124527,7.54390038,-104.38854251,-1.66950226,0.91730576,24.90679714,-21.86116268,0.12084932
1726918549.82161021,2332,560167.82161021,22.30438390,114.18124756,7.55587432,-106.26410849,-1.32374457,0.56212159,25.14249198,-21.87174747,0.13282230
1726918550.22199941,2332,560168.22199941,22.30438367,114.18124965,7.55161491,-107.04519268,-1.55025847,0.67295792,25.35849130,-21.89802579,0.12856195
1726918550.62226057,2332,560168.62226057,22.30438336,114.18125156,7.54984975,-107.54922950,-1.44057967,0.96137120,25.55463210,-21.93155630,0.12679589
1726918551.02259898,2332,560169.02259898,22.30438291,114.18125376,7.55682602,-107.84829054,-1.33357637,-0.22852035,25.78197006,-21.98184798,0.13377107
1726918551.42305946,2332,560169.42305946,22.30438227,114.18125616,7.55619178,-110.60645359,-1.23376293,-0.08595543,26.02918996,-22.05307109,0.13313559
1726918551.72320247,2332,560169.72320247,22.30438176,114.18125805,7.55737604,-116.82675833,-1.71569110,0.25021455,26.22397468,-22.10948321,0.13431885
1726918552.12357426,2332,560170.12357426,22.30438097,114.18126018,7.55459377,-122.73671384,-1.45901129,0.61939786,26.44325434,-22.19703250,0.13153536
1726918552.52393961,2332,560170.52393961,22.30438016,114.18126252,7.55184974,-126.18997077,-1.49370769,0.43026814,26.68399763,-22.28571930,0.12879002
1726918552.92428493,2332,560170.92428493,22.30437939,114.18126438,7.55581465,-132.37042366,-1.43424159,0.28527644,26.87538546,-22.37170113,0.13275383
1726918553.32461262,2332,560171.32461262,22.30437880,114.18126637,7.54401299,-139.21179234,-1.45614285,-0.06480160,27.08114926,-22.43678330,0.12095107
1726918553.72496367,2332,560171.72496367,22.30437799,114.18126808,7.55248593,-141.23761410,-1.69898468,-0.39754867,27.25728098,-22.52619537,0.12942294
1726918554.12534881,2332,560172.12534881,22.30437690,114.18126953,7.54970597,-144.34508283,-1.57553931,-0.00322509,27.40646471,-22.64722695,0.12664191
1726918554.52569675,2332,560172.52569675,22.30437581,114.18127084,7.55447785,-147.05909313,-1.47056793,-0.29000559,27.54154636,-22.76775489,0.13141278
1726918554.92613959,2332,560172.92613959,22.30437464,114.18127196,7.54326651,-152.35609315,-1.71019883,-0.45801299,27.65668717,-22.89779414,0.12020048
1726918555.32638955,2332,560173.32638955,22.30437339,114.18127310,7.53389004,-158.70863930,-1.51148789,-0.00522409,27.77391915,-23.03552182,0.11082300
1726918555.72683573,2332,560173.72683573,22.30437200,114.18127412,7.53695830,-165.84742386,-2.00782309,0.01378217,27.87963830,-23.19013782,0.11389023
1726918556.12707758,2332,560174.12707758,22.30437048,114.18127513,7.55074195,-174.60921044,-2.09842605,-0.11353395,27.98298441,-23.35853353,0.12767281
1726918556.52743816,2332,560174.52743816,22.30436855,114.18127614,7.55409426,176.52391742,-1.93866910,-0.47326426,28.08785145,-23.57200210,0.13102387
1726918556.82772279,2332,560174.82772279,22.30436726,114.18127672,7.54875584,173.05079087,-1.90851727,0.15386583,28.14756737,-23.71507824,0.12568465
1726918557.12798309,2332,560175.12798309,22.30436619,114.18127722,7.53691886,169.56257946,-1.90607321,-0.06728632,28.19861102,-23.83327708,0.11384701
1726918557.42824841,2332,560175.42824841,22.30436478,114.18127741,7.52743972,164.55228196,-1.97664511,-0.04677846,28.21873559,-23.98968999,0.10436719
1726918557.72849751,2332,560175.72849751,22.30436299,114.18127698,7.52597040,162.94319610,-1.90218948,0.19579079,28.17426942,-24.18705551,0.10289732
1726918558.12885308,2332,560176.12885308,22.30436141,114.18127706,7.52114291,161.27840415,-1.83945935,0.15457395,28.18206849,-24.36270885,0.09806912
1726918558.52921486,2332,560176.52921486,22.30435973,114.18127699,7.52549465,160.35504292,-1.95169006,0.05004877,28.17550148,-24.54842281,0.10242017
1726918558.92956853,2332,560176.92956853,22.30435800,114.18127641,7.52735800,160.15680473,-1.64963351,0.57984168,28.11559357,-24.74000664,0.10428304
1726918559.32992220,2332,560177.32992220,22.30435632,114.18127585,7.51342192,160.09763776,-1.99158827,-0.07314178,28.05756647,-24.92620102,0.09034649
1726918559.73027563,2332,560177.73027563,22.30435442,114.18127507,7.53278409,159.89978174,-1.91384737,0.70815721,27.97768943,-25.13609609,0.10970818
1726918560.03051400,2332,560178.03051400,22.30435200,114.18127413,7.51414148,159.83615456,-1.78243006,0.84195582,27.87998470,-25.40404361,0.09106493
1726918560.33090353,2332,560178.33090353,22.30434966,114.18127302,7.54663784,159.77935512,-1.84254507,-0.01347690,27.76596772,-25.66378321,0.12356074
1726918560.63104320,2332,560178.63104320,22.30434800,114.18127242,7.50238720,159.76109566,-1.79281373,0.63200241,27.70468029,-25.84707718,0.07930962
1726918560.93130779,2332,560178.93130779,22.30434633,114.18127164,7.51107571,159.91816013,-1.63395726,0.12988752,27.62400358,-26.03247059,0.08799773
1726918561.23157072,2332,560179.23157072,22.30434442,114.18127093,7.52826778,159.89402302,-1.45685190,0.56799776,27.55100067,-26.24340957,0.10518925
1726918561.53189707,2332,560179.53189707,22.30434260,114.18126998,7.52303558,160.04989000,-1.24131555,0.35370094,27.45309557,-26.44558842,0.09995663
1726918561.83209944,2332,560179.83209944,22.30434078,114.18126941,7.53075453,160.09641362,-1.23635235,-0.15903243,27.39392380,-26.64646955,0.10767499
1726918562.13235998,2332,560180.13235998,22.30433874,114.18126842,7.51906503,160.07564543,-0.87462877,-0.13570934,27.29187286,-26.87257153,0.09598498
1726918562.53273582,2332,560180.53273582,22.30433689,114.18126770,7.52689274,160.05915720,-1.24015611,0.28446158,27.21792416,-27.07799556,0.10381213
1726918562.93309212,2332,560180.93309212,22.30433474,114.18126684,7.55236402,160.28824930,-0.81971191,0.29458434,27.12950874,-27.31595660,0.12928277
1726918563.23332882,2332,560181.23332882,22.30433263,114.18126578,7.52030048,160.80808690,-0.88621805,0.46335911,27.01987627,-27.54933409,0.09721868
1726918563.53361607,2332,560181.53361607,22.30433063,114.18126509,7.52063682,163.79917064,-1.22582558,0.25091098,26.94889552,-27.77046632,0.09755436
1726918563.83385873,2332,560181.83385873,22.30432896,114.18126440,7.54329429,170.86011303,-0.82899109,0.60784765,26.87793238,-27.95591218,0.12021131
1726918564.23422337,2332,560182.23422337,22.30432674,114.18126343,7.54820239,178.28573408,-0.84824864,0.43872482,26.77831376,-28.20206196,0.12511874
1726918564.63457727,2332,560182.63457727,22.30432463,114.18126253,7.56180580,-177.21740691,-1.02733740,0.62935792,26.68530174,-28.43517301,0.13872150
1726918565.03492451,2332,560183.03492451,22.30432230,114.18126158,7.54436585,-175.47510205,-0.89174713,0.33185562,26.58718955,-28.69315304,0.12128080
1726918565.33519721,2332,560183.33519721,22.30432087,114.18126111,7.54356445,-174.79496588,-1.21776314,0.37838843,26.53864843,-28.85188945,0.12047888
1726918565.63545299,2332,560183.63545299,22.30431949,114.18126114,7.53805467,-173.78851752,-1.10459604,0.49758434,26.54227434,-29.00497938,0.11496839
1726918566.03580976,2332,560184.03580976,22.30431717,114.18126126,7.54322679,-173.47161947,-1.47349833,0.25740734,26.55441737,-29.26178644,0.12013927
1726918566.43616724,2332,560184.43616724,22.30431511,114.18126125,7.53249372,-172.82127991,-1.23073354,0.48249317,26.55322588,-29.48990998,0.10940515
1726918566.83652782,2332,560184.83652782,22.30431299,114.18126140,7.55392272,-172.55160581,-1.30691670,0.23879405,26.56861333,-29.72390695,0.13083300
1726918567.23685408,2332,560185.23685408,22.30431077,114.18126156,7.54622322,-172.24054758,-1.43327508,0.48883259,26.58499452,-29.96962308,0.12313227
1726918567.53712964,2332,560185.53712964,22.30430912,114.18126173,7.53481439,-172.12217115,-1.24308902,0.51304137,26.60282673,-30.15277738,0.11172250
1726918567.93749452,2332,560185.93749452,22.30430750,114.18126183,7.54565679,-172.49946586,-1.37402636,0.52952247,26.61346717,-30.33191956,0.12256401
1726918568.33785057,2332,560186.33785057,22.30430563,114.18126204,7.54713859,-162.01265855,-1.05446761,0.17561947,26.63479213,-30.53958867,0.12404472
1726918568.73829651,2332,560186.73829651,22.30430350,114.18126227,7.53287934,-155.99988308,-1.49755901,0.63995283,26.65820445,-30.77547107,0.10978423
1726918569.13853478,2332,560187.13853478,22.30430129,114.18126242,7.54753972,-154.10116554,-1.48792749,2.14673874,26.67370562,-31.01941474,0.12444336
1726918569.53889656,2332,560187.53889656,22.30429881,114.18126234,7.55815507,-152.25778124,-2.32455634,1.98979515,26.66561074,-31.29439339,0.13505739
1726918569.93926239,2332,560187.93926239,22.30429677,114.18126214,7.56042197,-150.99198542,-1.79002729,0.77134206,26.64479934,-31.51987470,0.13732326
1726918570.23950839,2332,560188.23950839,22.30429593,114.18126309,7.54821363,-150.20002047,-1.37446245,-1.55246456,26.74289481,-31.61380791,0.12511404
1726918570.53977251,2332,560188.53977251,22.30429475,114.18126391,7.56572157,-149.97056710,-1.10338452,-2.37309549,26.82781182,-31.74387525,0.14262098
1726918570.94014025,2332,560188.94014025,22.30429310,114.18126508,7.56335258,-149.71509825,-1.11228026,-0.63982013,26.94838656,-31.92728170,0.14025056
1726918571.34047294,2332,560189.34047294,22.30429121,114.18126645,7.58831265,-149.64807256,-1.21931274,-1.02549734,27.08885776,-32.13594020,0.16520898
1726918571.64074612,2332,560189.64074612,22.30428894,114.18126763,7.58673538,-149.49780702,-1.39540376,-1.03924267,27.21081304,-32.38756425,0.16362992
1726918571.94111562,2332,560189.94111562,22.30428719,114.18126865,7.53422207,-149.23765123,-1.32751407,-1.18481136,27.31538812,-32.58063775,0.11111517
1726918572.34137130,2332,560190.34137130,22.30428521,114.18126999,7.55043291,-149.12572133,-1.40078029,-1.38267676,27.45386127,-32.80014047,0.12732428
1726918572.64162111,2332,560190.64162111,22.30428353,114.18127105,7.52344894,-148.91877058,-1.71611989,-1.29204610,27.56263498,-32.98668200,0.10033888
1726918572.94189978,2332,560190.94189978,22.30428179,114.18127200,7.53482727,-148.85556682,-1.36503293,-1.12705656,27.66124381,-33.17900428,0.11171578
1726918573.34224176,2332,560191.34224176,22.30427959,114.18127322,7.53576807,-148.62394962,-1.68679896,-1.06515750,27.78712103,-33.42311205,0.11265475
1726918573.64251471,2332,560191.64251471,22.30427799,114.18127418,7.52964802,-148.51880513,-1.72178374,-1.08985751,27.88562398,-33.59947281,0.10653334
1726918573.94276953,2332,560191.94276953,22.30427645,114.18127541,7.51010897,-148.19488203,-1.73634783,-1.08041444,28.01197927,-33.77002989,0.08699283
1726918574.34312820,2332,560192.34312820,22.30427471,114.18127647,7.48646179,-148.18536863,-1.19448559,-1.29188329,28.12178956,-33.96330806,0.06334413
1726918574.74346018,2332,560192.74346018,22.30427259,114.18127790,7.49667378,-148.25710662,-1.29401938,-1.10324392,28.26896204,-34.19761515,0.07355422
1726918575.04373360,2332,560193.04373360,22.30427115,114.18127874,7.49655433,-148.17343309,-1.08875701,-1.31900298,28.35548301,-34.35747851,0.07343352
1726918575.34399939,2332,560193.34399939,22.30426912,114.18127995,7.50322894,-148.11574448,-1.19593892,-1.34897837,28.47995989,-34.58159932,0.08010636
1726918575.64426517,2332,560193.64426517,22.30426719,114.18128109,7.48699189,-148.13613454,-1.05400760,-1.28898662,28.59767347,-34.79575328,0.06386760
1726918575.94454169,2332,560193.94454169,22.30426552,114.18128208,7.47238347,-148.15431214,-0.91612325,-1.06119970,28.70012998,-34.98101147,0.04925771
1726918576.34489393,2332,560194.34489393,22.30426332,114.18128330,7.46796359,-147.80406772,-0.98164575,-1.25573707,28.82541588,-35.22406574,0.04483593
1726918576.64513326,2332,560194.64513326,22.30426133,114.18128439,7.45098992,-145.74980274,-0.83507190,-1.81608721,28.93796743,-35.44530245,0.02786052
1726918576.94542646,2332,560194.94542646,22.30425951,114.18128572,7.44638428,-140.34266445,-0.23281700,-2.68049231,29.07453041,-35.64632773,0.02325312
1726918577.24568534,2332,560195.24568534,22.30425751,114.18128692,7.45101197,-132.49037186,-0.27508044,-1.13053919,29.19816463,-35.86828274,0.02787900
1726918577.54593635,2332,560195.54593635,22.30425544,114.18128808,7.44958653,-129.27776305,-0.51739597,1.00054123,29.31749601,-36.09692499,0.02645171
1726918577.84620023,2332,560195.84620023,22.30425340,114.18128922,7.45797793,-127.97985966,-0.60369926,0.44509274,29.43571679,-36.32270566,0.03484128
1726918578.14645362,2332,560196.14645362,22.30425146,114.18129046,7.43527733,-125.72185058,-0.95025131,0.27182520,29.56286622,-36.53781882,0.01213886
1726918578.44672155,2332,560196.44672155,22.30425024,114.18129204,7.41761225,-122.67966898,-0.56289873,0.44886632,29.72591655,-36.67241225,-0.00552776
1726918578.84707093,2332,560196.84707093,22.30424863,114.18129382,7.44442598,-121.21598833,-0.82674543,0.40429291,29.90887840,-36.85056724,0.02128409
1726918579.14733410,2332,560197.14733410,22.30424741,114.18129567,7.43020872,-120.27465332,-0.52209786,0.23972183,30.09951329,-36.98604257,0.00706515
1726918579.44759941,2332,560197.44759941,22.30424617,114.18129726,7.43147262,-119.39493081,-0.89142858,0.38823200,30.26403919,-37.12355163,0.00832746
1726918579.74786139,2332,560197.74786139,22.30424510,114.18129901,7.42785502,-119.22401628,-0.54897919,0.36406439,30.44440296,-37.24230475,0.00470831
1726918580.04812741,2332,560198.04812741,22.30424390,114.18130088,7.43612340,-121.49955587,-0.75895177,0.24736365,30.63631999,-37.37533409,0.01297499
1726918580.34839034,2332,560198.34839034,22.30424292,114.18130272,7.43492848,-123.37955120,-0.48858238,0.18636974,30.82616014,-37.48343139,0.01177851
1726918580.74874353,2332,560198.74874353,22.30424169,114.18130520,7.43604127,-124.58374932,-0.64881486,0.01116816,31.08144052,-37.61987069,0.01288925
1726918581.04900789,2332,560199.04900789,22.30424058,114.18130725,7.42349207,-125.30693877,-0.25845522,0.51444153,31.29343006,-37.74205175,0.00033829
1726918581.34927130,2332,560199.34927130,22.30423929,114.18130917,7.40773692,-125.95829975,-0.51064064,0.33871321,31.49121939,-37.88546070,-0.01541868
1726918581.64953566,2332,560199.64953566,22.30423806,114.18131105,7.39673977,-126.44658586,-0.39572031,0.54631825,31.68484460,-38.02145279,-0.02641760
1726918581.94982338,2332,560199.94982338,22.30423683,114.18131291,7.39519159,-126.45290329,-0.50652741,0.27408252,31.87593999,-38.15721522,-0.02796755
1726918582.25006866,2332,560200.25006866,22.30423561,114.18131476,7.39184711,-126.75012437,-0.88068834,0.40915869,32.06743546,-38.29265522,-0.03131381
1726918582.55035591,2332,560200.55035591,22.30423439,114.18131664,7.38532432,-126.70048853,-0.66785498,0.21117826,32.26108838,-38.42808191,-0.03783839
1726918582.85058832,2332,560200.85058832,22.30423295,114.18131868,7.40172822,-126.63548002,-0.54771391,0.42113465,32.47106930,-38.58775839,-0.02143653
1726918583.15087152,2332,560201.15087152,22.30423134,114.18132072,7.40341251,-126.74981699,-0.63773233,0.69511697,32.68124580,-38.76576613,-0.01975439
1726918583.45114899,2332,560201.45114899,22.30422987,114.18132290,7.40863984,-126.69295869,-0.80199144,0.36444655,32.90565640,-38.92882843,-0.01452921
1726918583.75138092,2332,560201.75138092,22.30422819,114.18132510,7.40391068,-126.52171624,-0.98144514,0.59963426,33.13195590,-39.11403653,-0.01926068
1726918584.05166292,2332,560202.05166292,22.30422669,114.18132720,7.42456747,-126.38518249,-1.08630527,0.10615065,33.34917119,-39.28057874,0.00139395
1726918584.35193777,2332,560202.35193777,22.30422513,114.18132952,7.41146521,-126.42269249,-1.02954030,0.23715498,33.58789295,-39.45326496,-0.01171064
1726918584.65220308,2332,560202.65220308,22.30422370,114.18133163,7.42353718,-126.24045660,-0.97384261,0.30249909,33.80573120,-39.61196707,0.00035920
1726918584.95246553,2332,560202.95246553,22.30422225,114.18133377,7.43723668,-126.12544960,-1.01266325,0.33641489,34.02600686,-39.77212511,0.01405652
1726918585.25273061,2332,560203.25273061,22.30422062,114.18133589,7.42090706,-126.04791850,-0.83064334,0.17959983,34.24451103,-39.95296755,-0.00227540
1726918585.55297065,2332,560203.55297065,22.30421926,114.18133791,7.43548661,-125.92858723,-0.79730103,0.63989153,34.45252127,-40.10289913,0.01230208
1726918585.85330939,2332,560203.85330939,22.30421789,114.18133992,7.41834161,-125.78003441,-1.01457294,0.06914731,34.65991509,-40.25516745,-0.00484501
1726918586.15351677,2332,560204.15351677,22.30421637,114.18134200,7.41633143,-125.76250114,-1.00529028,0.02637873,34.87433871,-40.42306446,-0.00685743
1726918586.45377541,2332,560204.45377541,22.30421485,114.18134446,7.41497114,-125.65211276,-1.17753744,-0.29989883,35.12709776,-40.59213713,-0.00822018
1726918586.75402689,2332,560204.75402689,22.30421343,114.18134636,7.42236129,-125.59173492,-1.07670510,-0.52285241,35.32264164,-40.74846537,-0.00083211
1726918587.05431604,2332,560205.05431604,22.30421192,114.18134878,7.42647278,-125.56762460,-0.94178365,-0.31889419,35.57246874,-40.91594996,0.00327692
1726918587.35462856,2332,560205.35462856,22.30421029,114.18135086,7.41285050,-125.49391368,-1.01332181,-0.38490496,35.78660142,-41.09656011,-0.01034773
1726918587.65483332,2332,560205.65483332,22.30420846,114.18135340,7.40462588,-125.28846885,-0.77771196,-0.51624608,36.04844467,-41.29902404,-0.01857514
1726918587.95519710,2332,560205.95519710,22.30420690,114.18135560,7.40049323,-125.29979851,-0.77261073,-0.26244038,36.27505759,-41.47177619,-0.02271021
1726918588.25534725,2332,560206.25534725,22.30420553,114.18135750,7.40015317,-125.23343998,-0.30196955,-0.20074145,36.47047814,-41.62417559,-0.02305237
1726918588.55563593,2332,560206.55563593,22.30420427,114.18135946,7.40168117,-125.09095145,-0.22525096,-0.48109854,36.67290410,-41.76307339,-0.02152645
1726918588.85589790,2332,560206.85589790,22.30420286,114.18136152,7.40540481,-125.23560674,-0.20126797,-0.64878115,36.88514980,-41.91903059,-0.01780506
1726918589.15616417,2332,560207.15616417,22.30420118,114.18136385,7.38836254,-125.79549675,-0.30460189,-0.67627311,37.12568747,-42.10492996,-0.03484996
1726918589.45641708,2332,560207.45641708,22.30419968,114.18136600,7.39067550,-126.40887893,-0.80579041,-0.68606765,37.34688221,-42.27123850,-0.03253939
1726918589.75669384,2332,560207.75669384,22.30419822,114.18136820,7.39267210,-126.76484711,-0.72510450,-0.80447455,37.57317009,-42.43299025,-0.03054520
1726918590.05693269,2332,560208.05693269,22.30419685,114.18137029,7.39870221,-127.47745658,-0.99697209,-0.99882210,37.78849242,-42.58530100,-0.02451738
1726918590.35721278,2332,560208.35721278,22.30419538,114.18137215,7.39965614,-127.79420513,-1.39496303,-0.86627946,37.98039720,-42.74718940,-0.02356568
1726918590.65747285,2332,560208.65747285,22.30419393,114.18137427,7.37361246,-128.00993218,-1.14563997,-0.33059079,38.19941653,-42.90796550,-0.04961175
1726918590.95774937,2332,560208.95774937,22.30419246,114.18137643,7.38456016,-128.41071752,-1.33148371,-0.87805958,38.42145196,-43.07091087,-0.03866649
1726918591.25801873,2332,560209.25801873,22.30419090,114.18137863,7.38652750,-128.50867797,-1.10338854,-0.32694266,38.64794178,-43.24382204,-0.03670170
1726918591.55826426,2332,560209.55826426,22.30418957,114.18138040,7.37454229,-128.42258680,-1.29882573,-0.44164076,38.83106472,-43.39106994,-0.04868902
1726918591.85852957,2332,560209.85852957,22.30418828,114.18138202,7.37296733,-126.51972349,-0.98281335,-0.40881499,38.99721441,-43.53363955,-0.05026597
1726918592.15878534,2332,560210.15878534,22.30418682,114.18138402,7.38199646,-125.28861797,-1.10035083,-0.47589989,39.20343306,-43.69579826,-0.04123922
1726918592.45907116,2332,560210.45907116,22.30418535,114.18138590,7.36746649,-124.71263475,-1.16873824,-0.26591749,39.39780890,-43.85800319,-0.05577151
1726918592.75942874,2332,560210.75942874,22.30418380,114.18138780,7.35739626,-124.06152553,-1.13454808,-0.34753283,39.59310238,-44.02974917,-0.06584414
1726918593.05959010,2332,560211.05959010,22.30418224,114.18138988,7.35438879,-123.70701653,-1.38230531,-0.44998614,39.80757219,-44.20275728,-0.06885413
1726918593.35983801,2332,560211.35983801,22.30418091,114.18139185,7.33944784,-123.13555115,-1.40580731,-0.64344647,40.01021192,-44.35052366,-0.08379739
1726918593.66012740,2332,560211.66012740,22.30417971,114.18139373,7.35367605,-122.69691710,-1.54123477,-0.81128513,40.20365884,-44.48331757,-0.06957132
1726918593.96039009,2332,560211.96039009,22.30417863,114.18139549,7.34554368,-122.45224695,-1.46185065,-1.04002827,40.38512266,-44.60260597,-0.07770568
1726918594.26063013,2332,560212.26063013,22.30417762,114.18139724,7.34918873,-122.18365723,-1.39814577,-0.61124030,40.56565120,-44.71402443,-0.07406255
1726918594.56091785,2332,560212.56091785,22.30417638,114.18139893,7.34154258,-122.03880108,-1.48526197,-0.18414401,40.74038378,-44.85116168,-0.08171079
1726918594.86115909,2332,560212.86115909,22.30417504,114.18140110,7.33227556,-122.01454812,-1.65385947,-0.20380929,40.96347066,-45.00046100,-0.09098029
1726918595.16142344,2332,560213.16142344,22.30417393,114.18140300,7.33629845,-122.35938792,-1.38273784,-0.22954587,41.15933150,-45.12338298,-0.08695953
1726918595.56177568,2332,560213.56177568,22.30417265,114.18140511,7.33669719,-122.80178691,-1.85463441,-0.66974912,41.37695847,-45.26417575,-0.08656321
1726918595.86206627,2332,560213.86206627,22.30417167,114.18140689,7.32132044,-123.20593355,-1.62752842,-0.54645682,41.56032271,-45.37270234,-0.10194193
1726918596.16232824,2332,560214.16232824,22.30417051,114.18140885,7.32409006,-124.21249452,-2.27228371,-0.72514662,41.76233773,-45.50140012,-0.09917454
1726918596.46256828,2332,560214.46256828,22.30416939,114.18141078,7.34259681,-125.14162565,-2.01111245,-0.01211451,41.96130156,-45.62573417,-0.08066999
1726918596.76284599,2332,560214.76284599,22.30416831,114.18141270,7.35605514,-126.04872696,-2.17620029,-0.07009399,42.15887235,-45.74529656,-0.06721383
1726918597.06312132,2332,560215.06312132,22.30416699,114.18141447,7.32532050,-127.35838390,-2.11215995,-0.54711946,42.34094465,-45.89174465,-0.09795073
1726918597.36338568,2332,560215.36338568,22.30416588,114.18141636,7.31949565,-129.02599336,-1.97212799,-0.25887451,42.53640570,-46.01468192,-0.10377777
1726918597.66365051,2332,560215.66365051,22.30416471,114.18141815,7.28757816,-130.27530456,-2.50922037,-0.29017358,42.72069026,-46.14439528,-0.13569743
1726918597.96389890,2332,560215.96389890,22.30416334,114.18141990,7.30188187,-130.91781576,-1.98612786,-0.55221658,42.90114989,-46.29530386,-0.12139603
1726918598.26416564,2332,560216.26416564,22.30416209,114.18142173,7.30997742,-132.04037156,-2.34867324,-0.64646752,43.08964176,-46.43440478,-0.11330277
1726918598.56444764,2332,560216.56444764,22.30416082,114.18142339,7.29834819,-133.43341167,-1.98753067,-0.22947158,43.26055638,-46.57490810,-0.12493418
1726918598.86469293,2332,560216.86469293,22.30415938,114.18142513,7.30159402,-135.37361108,-2.29008790,-0.48143970,43.43925536,-46.73422940,-0.12169074
1726918599.16497612,2332,560217.16497612,22.30415783,114.18142688,7.31698528,-137.23266634,-1.99300805,-0.38867982,43.62025908,-46.90553452,-0.10630198
1726918599.46523881,2332,560217.46523881,22.30415649,114.18142863,7.30599713,-138.05592582,-1.75317736,-0.47383660,43.80005625,-47.05365252,-0.11729246
1726918599.76549768,2332,560217.76549768,22.30415518,114.18142994,7.29193657,-138.67198927,-1.95183060,-0.32885982,43.93551269,-47.19971700,-0.13135503
1726918600.06576252,2332,560218.06576252,22.30415376,114.18143160,7.28864433,-139.28138579,-1.81489306,-0.26356825,44.10585690,-47.35595826,-0.13464962
1726918600.36601830,2332,560218.36601830,22.30415223,114.18143296,7.28680429,-139.71697919,-2.02524301,-0.55961373,44.24604510,-47.52621445,-0.13649189
1726918600.66628122,2332,560218.66628122,22.30415061,114.18143444,7.29451773,-139.97121309,-1.85206249,-0.90539225,44.39860729,-47.70544547,-0.12878086
1726918600.96653318,2332,560218.96653318,22.30414918,114.18143576,7.28668141,-140.09850594,-2.01771470,-0.44157438,44.53531778,-47.86347371,-0.13661932
1726918601.26680803,2332,560219.26680803,22.30414764,114.18143708,7.27132689,-140.14784637,-2.05011417,-0.30882646,44.67060540,-48.03395807,-0.15197608
1726918601.56705952,2332,560219.56705952,22.30414592,114.18143863,7.27334696,-140.21272917,-2.06170774,-0.13894609,44.83043856,-48.22445077,-0.14995858
1726918601.86733484,2332,560219.86733484,22.30414427,114.18144025,7.28375708,-140.13666367,-2.08077134,-0.27333293,44.99799598,-48.40720115,-0.13955102
1726918602.16761637,2332,560220.16761637,22.30414272,114.18144170,7.27955305,-140.17353821,-2.20596099,-0.40601708,45.14743113,-48.57929097,-0.14375742
1726918602.46786261,2332,560220.46786261,22.30414109,114.18144304,7.27280080,-140.17832473,-2.10032336,-0.01051096,45.28481742,-48.75928894,-0.15051203
1726918602.76812482,2332,560220.76812482,22.30413944,114.18144449,7.25375612,-140.28903348,-2.27877956,-0.43351223,45.43486689,-48.94257318,-0.16955919
1726918603.06838775,2332,560221.06838775,22.30413761,114.18144601,7.25856646,-140.65875550,-2.06016022,-0.13599255,45.59084961,-49.14434101,-0.16475152
1726918603.36866331,2332,560221.36866331,22.30413601,114.18144750,7.25169124,-141.14726603,-2.16642218,-0.14487021,45.74421882,-49.32165834,-0.17162921
1726918603.66892004,2332,560221.66892004,22.30413442,114.18144878,7.24622486,-141.40193140,-2.26608172,-0.34663442,45.87674205,-49.49753360,-0.17709791
1726918603.96919751,2332,560221.96919751,22.30413283,114.18145019,7.25885248,-141.99754519,-2.44177311,-0.00375775,46.02142933,-49.67434388,-0.16447272
1726918604.26953387,2332,560222.26953387,22.30413117,114.18145163,7.26277279,-143.52492024,-2.37506298,0.74202310,46.16983457,-49.85829527,-0.16055492
1726918604.56971598,2332,560222.56971598,22.30412949,114.18145318,7.25643947,-144.40432517,-2.50170483,0.36519189,46.32953119,-50.04439646,-0.16689086
1726918604.86996412,2332,560222.86996412,22.30412769,114.18145459,7.25505247,-145.03981595,-2.52264398,0.42380096,46.47470755,-50.24379438,-0.16828049
1726918605.17025733,2332,560223.17025733,22.30412605,114.18145588,7.25795761,-145.42394381,-2.47861571,0.09521364,46.60820482,-50.42499404,-0.16537776
1726918605.47049308,2332,560223.47049308,22.30412428,114.18145730,7.25741666,-145.79195519,-2.47248325,-0.17036601,46.75481020,-50.62129713,-0.16592136
1726918605.77076721,2332,560223.77076721,22.30412257,114.18145872,7.26122694,-145.00828688,-2.31608254,-0.15294582,46.90106679,-50.81031378,-0.16211366
1726918606.07110953,2332,560224.07110953,22.30412086,114.18145999,7.25683355,-144.60509371,-2.24701882,-0.40653756,47.03210121,-50.99906721,-0.16650953
1726918606.37128687,2332,560224.37128687,22.30411900,114.18146130,7.25911883,-143.52871339,-1.89146560,-0.41321168,47.16709564,-51.20534043,-0.16422690
1726918606.67156315,2332,560224.67156315,22.30411718,114.18146239,7.25325499,-142.68388724,-1.89969504,-0.27598427,47.27898660,-51.40695233,-0.17009320
1726918606.97183824,2332,560224.97183824,22.30411540,114.18146367,7.24993183,-141.82914137,-1.46268787,-0.38537698,47.41122625,-51.60459637,-0.17341895
1726918607.27208948,2332,560225.27208948,22.30411357,114.18146494,7.24569664,-141.24444732,-1.78239434,0.08311859,47.54215946,-51.80731536,-0.17765677
1726918607.57234573,2332,560225.57234573,22.30411209,114.18146649,7.24746037,-140.62217089,-1.87571572,0.14753811,47.70146755,-51.97101041,-0.17589556
1726918607.87262201,2332,560225.87262201,22.30411030,114.18146768,7.25083128,-140.26958037,-1.76983545,-0.06766687,47.82401797,-52.16860767,-0.17252720
1726918608.17289376,2332,560226.17289376,22.30410853,114.18146899,7.26157125,-139.93723203,-1.91746783,-0.42562375,47.95855918,-52.36511452,-0.16178985
1726918608.47315884,2332,560226.47315884,22.30410684,114.18147040,7.24154999,-139.92660496,-1.91889565,-0.53783978,48.10463493,-52.55238895,-0.18181375
1726918608.77357054,2332,560226.77357054,22.30410529,114.18147178,7.23780260,-139.93589424,-1.84117109,-0.32241316,48.24647388,-52.72323130,-0.18556363
1726918609.07366204,2332,560227.07366204,22.30410357,114.18147325,7.25151971,-140.32279043,-1.55492036,-0.78392104,48.39799160,-52.91467498,-0.17184926
1726918609.37394381,2332,560227.37394381,22.30410181,114.18147470,7.24801011,-141.15993287,-1.68908575,-0.65276685,48.54734611,-53.10915980,-0.17536163
1726918609.67420268,2332,560227.67420268,22.30410009,114.18147617,7.24577406,-142.45572163,-1.81804393,-0.45744513,48.69881401,-53.29936677,-0.17760042
1726918609.97446299,2332,560227.97446299,22.30409864,114.18147767,7.23402239,-143.94407227,-1.79792143,-0.41825746,48.85381353,-53.45978313,-0.18935463
1726918610.27474833,2332,560228.27474833,22.30409697,114.18147900,7.23465312,-144.88429227,-1.94135846,-0.33822095,48.99087798,-53.64503957,-0.18872651
1726918610.57500744,2332,560228.57500744,22.30409519,114.18148029,7.23853711,-145.79661728,-1.89881323,-0.22748904,49.12305232,-53.84194304,-0.18484521
1726918610.87527275,2332,560228.87527275,22.30409356,114.18148165,7.21728977,-146.26227745,-2.12181447,0.21644112,49.26318613,-54.02274373,-0.20609516
1726918611.17553735,2332,560229.17553735,22.30409184,114.18148292,7.23202381,-146.55159482,-1.94795638,-0.21855415,49.39433811,-54.21310681,-0.19136376
1726918611.47577572,2332,560229.47577572,22.30409028,114.18148400,7.23830161,-145.74968328,-1.80193136,-0.32557128,49.50534746,-54.38612196,-0.18508831
1726918611.77606153,2332,560229.77606153,22.30408848,114.18148527,7.24415966,-143.23371804,-1.50955164,-0.17942447,49.63694777,-54.58481947,-0.17923298
1726918612.07630730,2332,560230.07630730,22.30408633,114.18148671,7.23799804,-142.07374612,-1.47321436,-0.52015066,49.78534885,-54.82343269,-0.18539782
1726918612.37656927,2332,560230.37656927,22.30408434,114.18148806,7.23103038,-141.15308363,-1.38865603,-0.85404631,49.92374780,-55.04309698,-0.19236846
1726918612.67685056,2332,560230.67685056,22.30408211,114.18148927,7.23477231,-140.58267786,-1.35500946,-0.65846176,50.04887363,-55.29081466,-0.18862966
1726918612.97712302,2332,560230.97712302,22.30408018,114.18149098,7.21698206,-139.98818681,-1.46520629,-0.42481847,50.22501885,-55.50431467,-0.20642316
1726918613.27738690,2332,560231.27738690,22.30407840,114.18149269,7.22119573,-139.51651012,-1.33380472,-0.36500508,50.40138937,-55.70187556,-0.20221262
1726918613.57762432,2332,560231.57762432,22.30407649,114.18149401,7.22811107,-138.99914470,-1.61921959,-0.53954193,50.53732208,-55.91333423,-0.19530021
1726918613.87790728,2332,560231.87790728,22.30407471,114.18149534,7.22089451,-138.62378651,-1.25526180,-0.68542941,50.67412883,-56.11046574,-0.20251960
1726918614.17817664,2332,560232.17817664,22.30407294,114.18149684,7.21266729,-138.47541789,-1.22243303,-0.63782706,50.82851832,-56.30569478,-0.21074978
1726918614.47842503,2332,560232.47842503,22.30407118,114.18149840,7.19547060,-138.21285411,-1.49781610,-0.65310695,50.98972585,-56.50044056,-0.22794948
1726918614.77868176,2332,560232.77868176,22.30406945,114.18150005,7.19007362,-137.98332331,-1.64564250,-1.38020085,51.15906261,-56.69225552,-0.23334953
1726918615.07902193,2332,560233.07902193,22.30406758,114.18150175,7.20666135,-137.73987084,-1.23277761,-0.75920714,51.33416945,-56.89932499,-0.21676505
1726918615.37924290,2332,560233.37924290,22.30406575,114.18150341,7.19011020,-137.77994529,-1.47010851,-0.84358508,51.50573742,-57.10261845,-0.23331941
1726918615.67949796,2332,560233.67949796,22.30406366,114.18150541,7.17165719,-137.69508625,-1.24384725,-0.80078019,51.71174438,-57.33315340,-0.25177617
1726918615.97976208,2332,560233.97976208,22.30406156,114.18150719,7.16656251,-137.72585658,-0.98299978,-1.14035893,51.89555711,-57.56561955,-0.25687444
1726918616.28000450,2332,560234.28000450,22.30405979,114.18150890,7.17689616,-138.33411859,-1.27400789,-0.68957493,52.07134981,-57.76227059,-0.24654402
1726918616.58026624,2332,560234.58026624,22.30405778,114.18151088,7.16026731,-140.90436128,-1.07405619,-0.29423270,52.27494614,-57.98455472,-0.26317656
1726918616.88055420,2332,560234.88055420,22.30405577,114.18151259,7.17598455,-144.78706301,-1.30009175,-0.48079587,52.45169685,-58.20722171,-0.24746281
1726918617.18082380,2332,560235.18082380,22.30405385,114.18151458,7.15935958,-146.86206707,-1.71497754,-0.53250094,52.65650430,-58.41978271,-0.26409142
1726918617.48108196,2332,560235.48108196,22.30405216,114.18151642,7.14134907,-147.70843442,-1.74795340,-1.03555398,52.84642502,-58.60693132,-0.28210523
1726918617.78132272,2332,560235.78132272,22.30405014,114.18151781,7.16342499,-148.20607990,-1.73980472,-1.35431903,52.98896280,-58.83082016,-0.26003256
1726918618.08158660,2332,560236.08158660,22.30404809,114.18151899,7.16369843,-149.13965569,-1.49590954,-1.07055193,53.11144689,-59.05769367,-0.25976225
1726918618.38187051,2332,560236.38187051,22.30404615,114.18152055,7.15834160,-151.13523579,-1.68655188,-0.56547896,53.27132397,-59.27259583,-0.26512241
1726918618.68221760,2332,560236.68221760,22.30404414,114.18152208,7.14658508,-152.35808167,-1.51603206,-0.15911016,53.42940808,-59.49489970,-0.27688234
1726918618.98239779,2332,560236.98239779,22.30404236,114.18152350,7.13835988,-153.87349137,-1.87733516,-0.32489756,53.57568041,-59.69273624,-0.28511061
1726918619.28265858,2332,560237.28265858,22.30404034,114.18152477,7.12784750,-155.00228643,-1.71872363,-0.44617801,53.70715318,-59.91627265,-0.29562621
1726918619.58290768,2332,560237.58290768,22.30403828,114.18152600,7.12099323,-156.62660341,-1.42662064,-0.36120222,53.83381844,-60.14445406,-0.30248370
1726918619.88317871,2332,560237.88317871,22.30403637,114.18152702,7.13813667,-160.70782910,-1.46534852,-0.43265796,53.93803230,-60.35568420,-0.28534315
1726918620.18302226,2332,560238.18302226,22.30403419,114.18152802,7.14316357,-163.03132141,-1.70649449,-0.07462272,54.04192025,-60.59740444,-0.28031944
1726918620.48263812,2332,560238.48263812,22.30403198,114.18152911,7.12667464,-164.30191657,-1.67305433,0.00991928,54.15398846,-60.84176732,-0.29681166
1726918620.78222227,2332,560238.78222227,22.30402962,114.18153029,7.12184008,-165.27870108,-1.28759022,-0.25997782,54.27568139,-61.10324395,-0.30164976
1726918621.08185458,2332,560239.08185458,22.30402731,114.18153078,7.11734642,-165.77747860,-1.40015066,-0.17824000,54.32549451,-61.35858213,-0.30614631
1726918621.38146496,2332,560239.38146496,22.30402523,114.18153149,7.11823043,-166.39044886,-1.09210650,0.14509567,54.39931120,-61.58916145,-0.30526517
1726918621.68108559,2332,560239.68108559,22.30402294,114.18153218,7.12096787,-167.76639422,-1.42499902,0.17041717,54.46987363,-61.84306640,-0.30253079
1726918621.98071957,2332,560239.98071957,22.30402070,114.18153268,7.09033425,-169.99988281,-1.68415662,-0.13075695,54.52184911,-62.09057221,-0.33316727
1726918622.28030062,2332,560240.28030062,22.30401851,114.18153338,7.10458530,-173.51301094,-1.98690567,-0.36520874,54.59357649,-62.33312938,-0.31891921
1726918622.57993698,2332,560240.57993698,22.30401646,114.18153374,7.08050703,-177.33948024,-1.86337269,-0.30779438,54.63073449,-62.56007055,-0.34300004
1726918622.87957430,2332,560240.87957430,22.30401426,114.18153436,7.09693340,178.59749878,-2.29709920,-0.02012686,54.69514307,-62.80408296,-0.32657663
1726918623.17920351,2332,560241.17920351,22.30401184,114.18153492,7.10155643,173.58467156,-2.64302914,-0.03889615,54.75203037,-63.07225859,-0.32195675
1726918623.47882557,2332,560241.47882557,22.30400932,114.18153511,7.09082911,167.07041160,-2.37619683,-0.12150384,54.77167472,-63.35120039,-0.33268701
1726918623.77846885,2332,560241.77846885,22.30400718,114.18153530,7.10355995,160.36873888,-3.22828280,0.36883816,54.79196962,-63.58760305,-0.31995872
1726918624.07809162,2332,560242.07809162,22.30400507,114.18153546,7.10597570,155.06548145,-3.05835680,0.46353459,54.80825071,-63.82178959,-0.31754546
1726918624.37775421,2332,560242.37775421,22.30400286,114.18153550,7.10276804,152.40160110,-3.27219176,0.20541529,54.81232400,-64.06597879,-0.32075561
1726918624.67739439,2332,560242.67739439,22.30400057,114.18153503,7.09120510,150.94567204,-3.53674277,0.05880952,54.76420876,-64.31983061,-0.33232070
1726918624.97702122,2332,560242.97702122,22.30399812,114.18153432,7.09751413,150.12384114,-3.06592333,-0.15027589,54.69069053,-64.59143838,-0.32601380
1726918625.27667975,2332,560243.27667975,22.30399599,114.18153337,7.09320907,148.71159439,-3.30497113,-0.04674014,54.59315758,-64.82730706,-0.33032043
1726918625.57632065,2332,560243.57632065,22.30399395,114.18153199,7.08011269,147.77564477,-2.54794976,0.41484629,54.45079101,-65.05259034,-0.34341791
1726918625.87595367,2332,560243.87595367,22.30399193,114.18153073,7.09152966,146.87621028,-2.90188904,0.88967899,54.32037933,-65.27643439,-0.33200213
1726918626.17562580,2332,560244.17562580,22.30398999,114.18152953,7.07493581,146.52757078,-2.63843324,0.67477008,54.19742723,-65.49092008,-0.34859714
1726918626.47528410,2332,560244.47528410,22.30398802,114.18152831,7.08623089,146.27644303,-3.03162422,0.43895649,54.07162509,-65.70941219,-0.33730325
1726918626.77493048,2332,560244.77493048,22.30398617,114.18152700,7.08418761,146.31819052,-2.58205517,0.22753189,53.93611062,-65.91386988,-0.33934750
1726918627.07459092,2332,560245.07459092,22.30398435,114.18152578,7.10721648,146.15502527,-2.85213487,-0.58547967,53.81031725,-66.11638401,-0.31631968
1726918627.37425828,2332,560245.37425828,22.30398208,114.18152399,7.09489248,146.14270097,-3.09519014,-2.30991975,53.62602363,-66.36785746,-0.32864476
1726918627.67392325,2332,560245.67392325,22.30397995,114.18152229,7.08694356,145.91785507,-4.13810407,-1.77435934,53.45155106,-66.60297239,-0.33659467
1726918627.97361684,2332,560245.97361684,22.30397812,114.18152081,7.09478392,146.05869334,-3.73601337,1.76235109,53.29840905,-66.80582641,-0.32875517
1726918628.27328968,2332,560246.27328968,22.30397595,114.18151927,7.10205643,146.57902743,-3.33588764,2.74579634,53.14021674,-67.04639791,-0.32148387
1726918628.57294321,2332,560246.57294321,22.30397375,114.18151775,7.11205819,146.79007266,-2.74327899,2.13215842,52.98297402,-67.28995761,-0.31148338
1726918628.87263799,2332,560246.87263799,22.30397182,114.18151642,7.10753781,144.93228697,-2.27071824,0.10071018,52.84602512,-67.50331576,-0.31600489
1726918629.27221680,2332,560247.27221680,22.30396990,114.18151513,7.08263216,143.31964446,-2.90122344,-0.50536021,52.71356201,-67.71603493,-0.34091172
1726918629.57188606,2332,560247.57188606,22.30396843,114.18151386,7.08608650,142.34609732,-2.63736022,-0.80238092,52.58293041,-67.87909583,-0.33745804
1726918629.87167740,2332,560247.87167740,22.30396640,114.18151228,7.09300976,141.74342067,-2.45421485,-0.52541148,52.41924525,-68.10328680,-0.33053583
1726918630.17127085,2332,560248.17127085,22.30396400,114.18151061,7.09682700,141.35575447,-2.50017033,-1.47727344,52.24781335,-68.36911192,-0.32672005
1726918630.47095060,2332,560248.47095060,22.30396169,114.18150897,7.09971430,141.10298955,-2.96777391,-0.00603376,52.07849860,-68.62522604,-0.32383413
1726918630.77062988,2332,560248.77062988,22.30395973,114.18150722,7.11668822,140.91686546,-2.19370296,0.71542748,51.89827822,-68.84267064,-0.30686110
1726918631.07032347,2332,560249.07032347,22.30395777,114.18150538,7.08904640,140.75413930,-2.40238790,1.20869508,51.70881981,-69.05975143,-0.33450374
1726918631.37002277,2332,560249.37002277,22.30395573,114.18150363,7.09046959,140.69745088,-2.07178559,1.17257358,51.52837503,-69.28490517,-0.33308154
1726918631.66974211,2332,560249.66974211,22.30395419,114.18150219,7.11799289,140.86511327,-2.02802713,1.05583536,51.37985780,-69.45538903,-0.30555891
1726918631.96944523,2332,560249.96944523,22.30395261,114.18150053,7.09844697,141.71012211,-1.90921660,0.89679555,51.20876113,-69.63118555,-0.32510538
1726918632.26912737,2332,560250.26912737,22.30395074,114.18149890,7.08510081,143.41089884,-1.76146248,1.20829120,51.04146247,-69.83814632,-0.33845248
1726918632.56885815,2332,560250.56885815,22.30394907,114.18149730,7.10008610,144.66995875,-1.54443892,0.98027916,50.87662511,-70.02319711,-0.32346791
1726918632.86856461,2332,560250.86856461,22.30394725,114.18149571,7.09999700,145.32050008,-1.46972481,0.86477971,50.71243855,-70.22474564,-0.32355793
1726918633.16826463,2332,560251.16826463,22.30394554,114.18149418,7.10990594,146.51569858,-1.56731298,0.76319408,50.55492641,-70.41313909,-0.31364983
1726918633.46796656,2332,560251.46796656,22.30394415,114.18149302,7.10617285,146.86631272,-1.38424684,0.67775208,50.43470575,-70.56762569,-0.31738368
1726918633.76770735,2332,560251.76770735,22.30394257,114.18149174,7.10905487,147.46355793,-1.26593359,0.41831750,50.30295578,-70.74269116,-0.31450258
1726918634.06740570,2332,560252.06740570,22.30394107,114.18149045,7.11571908,147.91889210,-1.29871216,0.47267122,50.17024682,-70.90871054,-0.30783917
1726918634.36714387,2332,560252.36714387,22.30393914,114.18148900,7.11535458,148.12889398,-0.97104880,-0.27321918,50.02048024,-71.12190017,-0.30820489
1726918634.66685367,2332,560252.66685367,22.30393725,114.18148748,7.11227285,148.23251148,-1.16636078,0.17472547,49.86420992,-71.33204027,-0.31128775
1726918634.96658611,2332,560252.96658611,22.30393533,114.18148611,7.11850257,148.48336228,-0.99808849,-0.06095698,49.72351037,-71.54385497,-0.30505931
1726918635.26640844,2332,560253.26640844,22.30393330,114.18148463,7.13286487,148.57969109,-1.12132869,-0.00313131,49.57031629,-71.76898254,-0.29069837
1726918635.56604910,2332,560253.56604910,22.30393121,114.18148308,7.11346847,148.78342637,-1.28445563,0.13793714,49.41047355,-71.99987429,-0.31009614
1726918635.86574841,2332,560253.86574841,22.30392923,114.18148170,7.11437324,148.90235084,-1.08516029,0.19405415,49.26868780,-72.21996836,-0.30919278
1726918636.16550827,2332,560254.16550827,22.30392702,114.18148021,7.09913342,149.08263279,-1.01908272,0.25287865,49.11557771,-72.46401144,-0.32443421
1726918636.46524453,2332,560254.46524453,22.30392511,114.18147890,7.10887708,149.19029288,-1.15704308,0.18837404,48.98038278,-72.67569365,-0.31469192
1726918636.76498461,2332,560254.76498461,22.30392289,114.18147755,7.10680664,149.32215602,-0.77725592,0.19856284,48.84114658,-72.92195651,-0.31676412
1726918637.06472015,2332,560255.06472015,22.30392103,114.18147614,7.10673556,149.30620607,-1.44145154,0.21844390,48.69614531,-73.12722658,-0.31683646
1726918637.36443591,2332,560255.36443591,22.30391902,114.18147496,7.09849389,149.43399883,-1.24583578,0.07143267,48.57417988,-73.35027361,-0.32507977
1726918637.66420245,2332,560255.66420245,22.30391713,114.18147359,7.11090950,149.80939057,-1.73240486,0.13246772,48.43265817,-73.55959440,-0.31266551
1726918637.96392536,2332,560255.96392536,22.30391522,114.18147222,7.10448255,150.58886967,-1.24837720,0.49444260,48.29227610,-73.77075980,-0.31909384
1726918638.26367855,2332,560256.26367855,22.30391309,114.18147099,7.11137698,151.62358458,-1.60247583,0.57393515,48.16521330,-74.00742955,-0.31220122
1726918638.56343627,2332,560256.56343627,22.30391122,114.18146967,7.11030379,154.54942496,-1.20526676,0.29715540,48.02935987,-74.21393800,-0.31327579
1726918638.86321592,2332,560256.86321592,22.30390922,114.18146850,7.11141673,161.60036822,-1.06347785,0.18272428,47.90900691,-74.43573961,-0.31216454
1726918639.16294146,2332,560257.16294146,22.30390742,114.18146726,7.12016790,171.71999710,-1.62870493,-0.07322657,47.78115225,-74.63503869,-0.30341475
1726918639.46271133,2332,560257.46271133,22.30390543,114.18146608,7.11869739,-176.87037227,-1.17968741,0.11000554,47.65880335,-74.85458406,-0.30488694
1726918639.76245594,2332,560257.76245594,22.30390348,114.18146471,7.10945122,-168.95710898,-1.47239383,0.30643812,47.51804949,-75.07127567,-0.31413462
1726918640.06222630,2332,560258.06222630,22.30390124,114.18146343,7.12876165,-163.20100734,-1.24458919,0.29132606,47.38654652,-75.31866259,-0.29482614
1726918640.36197948,2332,560258.36197948,22.30389932,114.18146287,7.13869647,-155.77941197,-1.25101804,-0.11362256,47.32817775,-75.53178504,-0.28489342
1726918640.66176081,2332,560258.66176081,22.30389748,114.18146273,7.15705070,-148.47200420,-0.99819586,-0.27432429,47.31429693,-75.73530265,-0.26654152
1726918640.96149278,2332,560258.96149278,22.30389564,114.18146329,7.15895109,-142.95584921,-1.44377458,-0.18378659,47.37131598,-75.93940155,-0.26464399
1726918641.26126432,2332,560259.26126432,22.30389365,114.18146362,7.11624496,-139.43648500,-1.01822704,-0.21712391,47.40584726,-76.15961369,-0.30735301
1726918641.56106019,2332,560259.56106019,22.30389162,114.18146443,7.13387228,-132.78143356,-1.32806976,-0.13581336,47.48914423,-76.38425936,-0.28972901
1726918641.86080599,2332,560259.86080599,22.30388970,114.18146535,7.13242570,-129.68741382,-1.67127760,-0.50769579,47.58351297,-76.59699563,-0.29117886
1726918642.16059589,2332,560260.16059589,22.30388784,114.18146656,7.12740142,-127.84712980,-1.74827064,0.14354164,47.70896985,-76.80282631,-0.29620657
1726918642.46035790,2332,560260.46035790,22.30388647,114.18146735,7.11103484,-127.21802626,-1.47486501,-0.45549398,47.79014200,-76.95451963,-0.31257560
1726918642.76016188,2332,560260.76016188,22.30388483,114.18146917,7.10780976,-127.78321978,-1.49909491,-0.70006180,47.97713172,-77.13605319,-0.31580429
1726918643.05993938,2332,560261.05993938,22.30388347,114.18147088,7.10056889,-128.00851690,-1.29111069,-0.64032802,48.15341179,-77.28647044,-0.32304831
1726918643.45964170,2332,560261.45964170,22.30388201,114.18147325,7.09285161,-128.25216444,-1.35814003,-0.28725621,48.39847731,-77.44866607,-0.33076942
1726918643.75940990,2332,560261.75940990,22.30388064,114.18147509,7.10315263,-128.26340644,-1.43409872,-0.05598000,48.58771531,-77.60003203,-0.32047169
1726918644.05922318,2332,560262.05922318,22.30387920,114.18147674,7.10844409,-128.22433234,-1.27136901,-0.51881856,48.75790143,-77.76005635,-0.31518349
1726918644.45891500,2332,560262.45891500,22.30387766,114.18147902,7.10934284,-128.23146209,-0.97325458,-0.48539276,48.99262962,-77.93016694,-0.31428862
1726918644.75870657,2332,560262.75870657,22.30387642,114.18148064,7.10531104,-128.04005436,-1.10283517,-0.62485413,49.15939975,-78.06716313,-0.31832338
1726918645.05852222,2332,560263.05852222,22.30387513,114.18148235,7.07238097,-128.14711239,-0.88627322,-0.87600510,49.33543173,-78.21066222,-0.35125658
1726918645.35831642,2332,560263.35831642,22.30387370,114.18148412,7.09289783,-128.14518067,-1.29172603,-0.47317082,49.51800072,-78.36833594,-0.33074308
1726918645.65809107,2332,560263.65809107,22.30387231,114.18148571,7.08928103,-128.17498230,-1.50877787,-0.04937508,49.68177207,-78.52227606,-0.33436306
1726918645.95788765,2332,560263.95788765,22.30387087,114.18148759,7.08753684,-127.98680949,-1.47834434,-0.33478885,49.87532751,-78.68231229,-0.33611075
1726918646.25768876,2332,560264.25768876,22.30386960,114.18148950,7.06613625,-127.99892983,-1.54961911,-0.49636806,50.07194669,-78.82305908,-0.35751462
1726918646.65745115,2332,560264.65745115,22.30386821,114.18149151,7.07742008,-127.84126731,-1.22433544,-1.13930371,50.27947527,-78.97661713,-0.34623433
1726918646.95722914,2332,560264.95722914,22.30386705,114.18149312,7.06368096,-127.17936545,-1.12485565,-1.12506915,50.44588345,-79.10565514,-0.35997637
1726918647.25704956,2332,560265.25704956,22.30386567,114.18149486,7.04876947,-125.50911610,-1.06284589,-1.09461362,50.62486349,-79.25782345,-0.37489118
1726918647.55686951,2332,560265.55686951,22.30386435,114.18149657,7.05836513,-124.12412154,-1.13430644,-1.09633356,50.80083378,-79.40443358,-0.36529875
1726918647.85665512,2332,560265.85665512,22.30386309,114.18149834,7.04487796,-123.15712263,-1.26654456,-0.83248902,50.98371953,-79.54361950,-0.37878912
1726918648.25643253,2332,560266.25643253,22.30386170,114.18150031,7.03108279,-122.36011095,-1.28858073,-0.98983459,51.18679926,-79.69741838,-0.39258785
1726918648.55623341,2332,560266.55623341,22.30386041,114.18150200,7.03478140,-122.02475573,-1.37565277,-1.05008151,51.36076038,-79.84029688,-0.38889243
1726918648.85604692,2332,560266.85604692,22.30385910,114.18150400,7.05129949,-121.27234526,-1.36695382,-1.30348133,51.56611652,-79.98566650,-0.37237783
1726918649.15586329,2332,560267.15586329,22.30385778,114.18150584,7.04173899,-120.47581362,-1.74240827,-0.97104039,51.75665051,-80.13165529,-0.38194172
1726918649.45568061,2332,560267.45568061,22.30385637,114.18150792,7.03816879,-116.47607649,-0.95687563,-0.92521244,51.97015786,-80.28759945,-0.38551562
1726918649.75549388,2332,560267.75549388,22.30385539,114.18151016,7.02112687,-109.54597314,-1.07736117,-1.39069508,52.20084688,-80.39672823,-0.40256080
1726918650.05536532,2332,560268.05536532,22.30385438,114.18151205,6.99622379,-101.64396613,-0.95788129,-1.51924800,52.39581030,-80.50784403,-0.42746689
1726918650.35516500,2332,560268.35516500,22.30385361,114.18151393,6.98896213,-92.15299390,-0.54061786,-1.69036207,52.58962911,-80.59314555,-0.43473123
1726918650.65511775,2332,560268.65511775,22.30385253,114.18151552,6.99155186,-81.72267923,0.96902237,-1.24856649,52.75394255,-80.71280482,-0.43214438
1726918650.95480585,2332,560268.95480585,22.30385143,114.18151775,7.00454059,-71.96988655,0.77016337,-1.07896584,52.98348437,-80.83522057,-0.41915911
1726918651.25465298,2332,560269.25465298,22.30385060,114.18152003,7.00102861,-62.00777846,1.17512106,-0.96658079,53.21800366,-80.92640538,-0.42267420
1726918651.55448103,2332,560269.55448103,22.30385008,114.18152247,6.98484779,-50.55438891,1.79981873,-1.05853955,53.46921183,-80.98463487,-0.43885787
1726918651.85431099,2332,560269.85431099,22.30384997,114.18152471,6.96255485,-45.50337411,1.05276610,-0.06086065,53.70099444,-80.99600147,-0.46115289
1726918652.15414810,2332,560270.15414810,22.30385045,114.18152721,6.96954298,-42.98094101,0.99438741,0.22843263,53.95835590,-80.94367476,-0.45416627
1726918652.45398569,2332,560270.45398569,22.30385124,114.18152962,6.96965568,-40.60568015,0.84386666,-0.30163075,54.20604218,-80.85534304,-0.45405454
1726918652.75379944,2332,560270.75379944,22.30385198,114.18153198,6.95469882,-39.34828967,0.72419656,-0.48359192,54.45010387,-80.77399609,-0.46901245
1726918653.05367804,2332,560271.05367804,22.30385334,114.18153366,6.96154115,-38.36731010,0.69337234,-0.19132398,54.62310328,-80.62381206,-0.46216969
1726918653.35348177,2332,560271.35348177,22.30385508,114.18153501,6.97330081,-37.55422163,0.88687551,-0.06385797,54.76233145,-80.43112701,-0.45040877
1726918653.65332389,2332,560271.65332389,22.30385684,114.18153667,6.97044027,-36.20965806,1.03410648,0.10697740,54.93241645,-80.23606646,-0.45326830
1726918653.95316792,2332,560271.95316792,22.30385856,114.18153820,6.96155142,-35.43915358,0.64008009,0.32502363,55.09034928,-80.04563198,-0.46215611
1726918654.25304198,2332,560272.25304198,22.30386038,114.18153970,6.97232610,-35.32565726,0.59251697,0.11120831,55.24518700,-79.84362870,-0.45138022
1726918654.55288792,2332,560272.55288792,22.30386204,114.18154110,6.95608276,-34.74775271,0.89657217,-0.10312880,55.38932224,-79.65951526,-0.46762249
1726918654.85273600,2332,560272.85273600,22.30386361,114.18154259,6.95313966,-34.61037862,0.49184088,0.09731864,55.54243415,-79.48631164,-0.47056475
1726918655.15265536,2332,560273.15265536,22.30386541,114.18154416,6.95460697,-34.51595461,0.66182196,0.00883540,55.70468214,-79.28638846,-0.46909636
1726918655.45242882,2332,560273.45242882,22.30386735,114.18154541,6.95239834,-34.29735720,0.06850939,0.25063720,55.83355519,-79.07160677,-0.47130344
1726918655.75227237,2332,560273.75227237,22.30386919,114.18154721,6.94569300,-34.45182937,-0.00406549,-0.18047883,56.01900996,-78.86763585,-0.47800786
1726918656.05212545,2332,560274.05212545,22.30387149,114.18154870,6.94713893,-37.06034956,-0.05245410,-0.04021178,56.17269765,-78.61327009,-0.47656012
1726918656.35199785,2332,560274.35199785,22.30387355,114.18155036,6.94916873,-43.40271967,-0.66980854,0.10233879,56.34334730,-78.38500694,-0.47452900
1726918656.65184450,2332,560274.65184450,22.30387564,114.18155191,6.95013737,-46.85324796,-0.98066388,-0.13734044,56.50323958,-78.15424137,-0.47355893
1726918656.95170641,2332,560274.95170641,22.30387785,114.18155385,6.96740750,-48.28276688,-1.29001241,-0.09461016,56.70354166,-77.90915453,-0.45628757
1726918657.25156879,2332,560275.25156879,22.30388000,114.18155569,6.97580238,-47.90949922,-1.70840035,0.35318955,56.89254659,-77.67106525,-0.44789145
1726918657.55143261,2332,560275.55143261,22.30388239,114.18155713,6.96210129,-47.15605555,-1.50313899,0.35707023,57.04129164,-77.40644681,-0.46159063
1726918657.85130739,2332,560275.85130739,22.30388450,114.18155906,6.95180777,-44.11890774,-1.89215322,-0.01713362,57.23977945,-77.17279605,-0.47188308
1726918658.15118098,2332,560276.15118098,22.30388633,114.18156112,6.94811009,-41.57336962,-2.02447197,0.18620287,57.45207051,-76.97025571,-0.47558021
1726918658.45118189,2332,560276.45118189,22.30388773,114.18156295,6.93948017,-39.88991504,-2.32986673,-0.06628778,57.64090813,-76.81517253,-0.48420996
1726918658.75090408,2332,560276.75090408,22.30388962,114.18156527,6.93161945,-38.60017130,-1.94248201,0.27569449,57.87934039,-76.60557230,-0.49207030
1726918659.05077291,2332,560277.05077291,22.30389140,114.18156726,6.92851544,-37.81587115,-2.28843506,0.28952564,58.08444361,-76.40908131,-0.49517380
1726918659.35064983,2332,560277.35064983,22.30389311,114.18156923,6.93494341,-37.20206979,-2.24525612,0.00329062,58.28781947,-76.21932039,-0.48874540
1726918659.65053344,2332,560277.65053344,22.30389510,114.18157084,6.93163582,-36.82103580,-1.81447870,0.15888832,58.45360057,-75.99902273,-0.49205187
